State,B-org
Department,I-org
spokesman,O
Adam,B-per
Ereli,I-per
said,O
Thursday,B-tim
U.S.,B-geo
policy,O
requires,O
that,O
international,O
relief,O
workers,O
be,O
able,O
to,O
monitor,O
the,O
distribution,O
of,O
its,O
food,O
.,O
That,O
safeguard,O
will,O
disappear,O
when,O
the,O
U.N.,B-org
World,I-org
Food,I-org
Program,I-org
(,O
WFP,B-org
),O
stops,O
distributing,O
food,O
in,O
North,B-geo
Korea,I-geo
this,O
month,O
.,O
Mr.,B-per
Ereli,I-per
said,O
it,O
is,O
a,O
common,O
practice,O
for,O
North,B-geo
Korea,I-geo
to,O
"""",O
ignore,O
the,O
needs,O
of,O
its,O
people,O
"""",O
and,O
"""",O
let,O
them,O
starve,O
for,O
inexplicable,O
reasons,O
.,O
"""",O
North,B-geo
Korea,I-geo
announced,O
in,O
August,B-tim
that,O
it,O
no,O
longer,O
wanted,O
U.N.,B-org
food,O
aid,O
because,O
it,O
said,O
domestic,O
food,O
production,O
had,O
improved,O
.,O
The,O
WFP,B-org
said,O
it,O
would,O
close,O
all,O
its,O
food-processing,O
plants,O
in,O
North,B-geo
Korea,I-geo
by,O
the,O
end,B-tim
of,I-tim
this,O
month,O
.,O
Danish,B-gpe
police,O
are,O
holding,O
seven,O
people,O
suspected,O
of,O
planning,O
terrorist,O
attacks,O
in,O
the,O
Scandinavian,O
country,O
.,O
Authorities,O
say,O
security,O
police,O
launched,O
a,O
raid,O
early,O
Tuesday,B-tim
and,O
detained,O
nine,O
suspects,O
in,O
Vollsmose,B-geo
",",O
a,O
mostly,O
immigrant,O
neighborhood,O
in,O
the,O
city,O
of,O
Odense,B-geo
.,O
Police,O
released,O
two,O
of,O
the,O
suspects,O
.,O
Justice,B-org
Minister,B-per
Lene,I-per
Espersen,I-per
said,O
police,O
seized,O
materials,O
used,O
to,O
make,O
explosives,O
",",O
and,O
she,O
said,O
most,O
of,O
the,O
suspects,O
are,O
thought,O
to,O
be,O
Danish,B-gpe
citizens,O
of,O
foreign,O
origin,O
.,O
Espersen,B-per
declined,O
to,O
disclose,O
further,O
details,O
but,O
she,O
said,O
evidence,O
showed,O
the,O
group,O
had,O
been,O
plotting,O
to,O
stage,O
an,O
attack,O
somewhere,O
in,O
Denmark,B-geo
.,O
Last,O
month,O
",",O
authorities,O
charged,O
four,O
suspects,O
with,O
trying,O
to,O
obtain,O
explosives,O
to,O
carry,O
out,O
a,O
terrorist,O
attack,O
.,O
Also,O
in,O
early,O
August,B-tim
",",O
a,O
Moroccan-born,O
Dane,B-gpe
was,O
charged,O
with,O
inciting,O
Muslims,O
to,O
carry,O
out,O
terrorist,O
acts,O
.,O
Police,O
in,O
northwest,B-geo
Pakistan,I-geo
say,O
suspected,O
Taliban,B-org
militants,O
have,O
blown,O
up,O
a,O
primary,O
school,O
that,O
educated,O
girls,O
.,O
Officials,O
say,O
there,O
were,O
no,O
casualties,O
in,O
Tuesday,B-tim
's,O
blast,O
because,O
the,O
school,O
was,O
closed,O
for,O
the,O
Eid,O
al-Fitr,O
holiday,O
marking,O
the,O
end,B-tim
of,I-tim
the,O
Muslim,B-tim
holy,I-tim
month,O
of,B-tim
Ramadan,I-tim
.,O
Al-Qaida,B-org
and,O
Taliban-linked,O
militants,O
who,O
oppose,O
the,O
education,O
of,O
women,O
have,O
destroyed,O
hundreds,O
of,O
girls,O
schools,O
across,O
the,O
country,O
.,O
On,O
Monday,B-tim
",",O
police,O
killed,O
a,O
suicide,O
bomber,O
trying,O
to,O
assassinate,O
a,O
regional,O
education,O
minister,O
",",O
also,O
in,O
the,O
northwest,B-geo
.,O
In,O
other,O
violence,O
",",O
Pakistani,B-gpe
security,O
forces,O
say,O
they,O
have,O
arrested,O
11,O
suspected,O
militants,O
",",O
including,O
three,B-tim
Afghanis,I-tim
",",O
during,O
security,O
operations,O
in,O
Malakand,B-geo
and,O
Swat,B-org
districts,O
.,O
In,O
a,O
statement,O
released,O
Tuesday,B-tim
",",O
officials,O
say,O
they,O
also,O
found,O
four,O
inter-linked,O
tunnels,O
and,O
bomb-proof,O
bunkers,O
during,O
a,O
separate,O
search,O
operation,O
near,O
Swat,B-org
's,O
Biakand,B-org
area,O
.,O
NATO,B-org
says,O
two,O
alliance,O
soldiers,O
have,O
been,O
killed,O
and,O
three,O
others,O
wounded,O
in,O
a,O
firefight,O
with,O
Taliban,B-org
insurgents,O
in,O
eastern,B-geo
Afghanistan,I-geo
.,O
In,O
a,O
statement,O
",",O
the,O
NATO-led,B-org
International,I-org
Security,I-org
Assistance,I-org
Force,I-org
says,O
the,O
fighting,O
erupted,O
when,O
insurgents,O
ambushed,O
a,O
joint,O
NATO-Afghan,O
troop,O
patrol,O
in,O
the,O
Korangal,B-geo
Valley,I-geo
of,I-geo
Kunar,I-geo
province,O
late,O
Thursday,B-tim
.,O
NATO,B-org
did,O
not,O
identify,O
the,O
nationalities,O
of,O
the,O
dead,O
and,O
wounded,O
soldiers,O
.,O
NATO,B-org
and,O
U.S.,B-geo
forces,O
are,O
battling,O
a,O
resurgent,O
Taliban,B-org
presence,O
in,O
Afghanistan,B-geo
.,O
The,O
group,O
increasingly,O
has,O
used,O
suicide,O
attacks,O
and,O
roadside,O
bomb,O
blasts,O
since,O
U.S.-led,O
forces,O
ousted,O
it,O
from,O
power,O
in,O
the,O
late,O
2001,B-tim
.,O
Staff,O
from,O
Arabic,O
television,O
station,O
al-Jazeera,B-org
protested,O
Thursday,B-tim
around,O
the,O
Middle,B-geo
East,I-geo
in,O
the,O
wake,O
of,O
a,O
British,B-gpe
news,O
report,O
that,O
alleged,O
President,B-per
Bush,I-per
considered,O
bombing,O
the,O
channel,O
's,O
headquarters,O
last,O
year,O
.,O
Dozens,O
of,O
al-Jazeera,B-org
reporters,O
and,O
staff,O
members,O
demonstrated,O
outside,O
the,O
station,O
's,O
headquarters,O
in,O
Doha,B-geo
",",O
Qatar,B-geo
and,O
in,O
other,O
cities,O
.,O
They,O
called,O
for,O
an,O
investigation,O
into,O
the,O
allegations,O
raised,O
in,O
the,O
Daily,B-org
Mirror,I-org
article,O
",",O
which,O
was,O
based,O
on,O
an,O
allegedly,O
leaked,O
official,O
memorandum,O
.,O
In,O
Cairo,B-geo
",",O
Beirut,B-geo
and,O
Gaza,B-geo
City,I-geo
",",O
al-Jazeera,B-org
staffers,O
were,O
joined,O
by,O
colleagues,O
from,O
other,O
Arab,B-gpe
media,O
.,O
The,O
White,B-org
House,I-org
has,O
dismissed,O
the,O
tabloid,O
report,O
as,O
"""",O
outlandish,O
and,O
inconceivable,O
.,O
"""",O
After,O
its,O
front-page,O
story,O
Tuesday,B-tim
",",O
the,O
Daily,B-org
Mirror,I-org
and,O
two,O
other,O
British,B-gpe
papers,O
said,O
Britain,B-geo
's,O
government,O
threatened,O
them,O
with,O
legal,O
action,O
if,O
they,O
publish,O
further,O
details,O
of,O
the,O
top,O
secret,O
document,O
.,O
The,O
United,B-geo
States,I-geo
is,O
temporarily,O
closing,O
its,O
consulate,O
in,O
the,O
Mexican,B-gpe
border,O
city,O
of,O
Nuevo,B-geo
Laredo,I-geo
because,O
of,O
escalating,O
violence,O
.,O
In,O
a,O
statement,O
from,O
Mexico,B-geo
City,I-geo
Friday,B-tim
",",O
Ambassador,O
Tony,B-per
Garza,I-per
said,O
the,O
consulate,O
will,O
close,O
for,O
one,B-tim
week,O
",",O
beginning,O
August,B-tim
1,I-tim
.,O
He,O
says,O
Thursday,B-tim
's,O
battle,O
on,O
the,O
streets,O
of,O
Nuevo,B-geo
Laredo,I-geo
forced,O
the,O
closure,O
to,O
assess,O
the,O
security,O
situation,O
for,O
employees,O
and,O
travelers,O
.,O
Rival,O
gangs,O
clashed,O
with,O
machine,O
guns,O
",",O
grenades,O
and,O
a,O
rocket,O
launcher,O
late,O
Thursday,B-tim
.,O
No,O
one,O
was,O
killed,O
",",O
but,O
the,O
neighborhood,O
has,O
been,O
described,O
as,O
resembling,O
a,O
war,O
zone,O
.,O
The,O
closure,O
announcement,O
comes,O
days,O
after,O
the,O
ambassador,O
asked,O
the,O
U.S.,B-org
State,I-org
Department,I-org
to,O
extend,O
its,O
travel,O
advisory,O
warning,O
Americans,B-gpe
about,O
attacks,O
in,O
Mexico,B-geo
.,O
More,O
than,O
100,O
people,O
have,O
been,O
killed,O
in,O
the,O
town,O
since,B-tim
June,I-tim
",",O
including,O
18,O
policemen,O
",",O
as,O
gangs,O
compete,O
for,O
drug-smuggling,O
routes,O
into,O
the,O
United,B-geo
States,I-geo
.,O
Pakistan,B-geo
has,O
sentenced,O
five,O
people,O
to,O
death,O
for,O
plotting,O
to,O
kill,O
President,B-per
Pervez,I-per
Musharraf,I-per
two,B-tim
years,O
ago,O
.,O
Army,B-org
spokesman,O
Major,B-org
General,I-org
Shaukat,I-org
Sultan,I-org
said,O
Friday,B-tim
that,O
the,O
sentences,O
were,O
given,O
to,O
one,O
soldier,O
and,O
four,O
civilians,O
involved,O
in,O
the,O
plot,O
to,O
ram,O
an,O
explosives-laden,O
vehicle,O
into,O
Mr.,B-per
Musharraf,B-geo
's,O
motorcade,O
.,O
The,O
president,O
was,O
unhurt,O
in,O
the,O
attack,O
in,O
Rawalpindi,B-geo
",",O
but,O
15,O
others,O
died,O
.,O
Earlier,O
this,O
month,O
",",O
authorities,O
hanged,O
a,O
soldier,O
linked,O
to,O
that,O
attack,O
and,O
an,O
earlier,O
plot,O
against,O
the,O
president,O
.,O
Mr.,B-per
Musharraf,B-geo
has,O
become,O
a,O
target,O
for,O
Islamic,O
militants,O
since,O
joining,O
the,O
U.S.-led,O
war,O
on,O
terrorism,O
after,O
the,O
September,B-tim
11,I-tim
",",I-tim
2001,I-tim
attacks,O
in,O
the,O
United,B-geo
States,I-geo
.,O
Pakistani,B-gpe
officials,O
say,O
the,O
suspected,O
mastermind,O
of,O
the,O
plot,O
uncovered,O
in,O
London,B-geo
last,O
week,O
to,O
blow,O
up,O
U.S.-bound,O
airplanes,O
is,O
hiding,O
in,O
a,O
mountainous,O
region,O
of,O
northeastern,O
Afghanistan,B-geo
.,O
The,O
officials,O
said,O
Friday,B-tim
they,O
told,O
the,O
U.S.,B-geo
military,O
that,O
the,O
suspect,O
",",O
an,O
al-Qaida,B-org
operative,O
",",O
is,O
believed,O
to,O
be,O
in,O
Afghanistan,B-geo
's,O
Kunar,B-geo
province,O
",",O
which,O
borders,O
Pakistan,B-geo
.,O
They,O
have,O
not,O
disclosed,O
his,O
name,O
.,O
They,O
say,O
the,O
information,O
was,O
obtained,O
by,O
interrogators,O
questioning,O
British,B-gpe
suspect,O
Rashid,B-per
Rauf,I-per
",",O
who,O
was,O
arrested,O
in,O
eastern,B-geo
Pakistan,I-geo
and,O
is,O
regarded,O
as,O
a,O
key,O
figure,O
in,O
the,O
foiled,O
plot,O
.,O
Twenty-three,O
people,O
are,O
in,O
detention,O
in,O
Britain,B-geo
",",O
and,O
Pakistan,B-geo
is,O
holding,O
seven,O
suspects,O
in,O
the,O
plot,O
.,O
A,O
flurry,O
of,O
reports,O
Tuesday,B-tim
shows,O
problems,O
for,O
the,O
U.S.,B-geo
economy,O
in,O
the,O
services,O
",",O
retail,O
",",O
factory,O
",",O
and,O
housing,O
sectors,O
.,O
Services,B-org
make,O
up,O
the,O
vast,O
majority,O
of,O
the,O
world,O
's,O
largest,O
economy,O
",",O
but,O
were,O
hit,O
hard,O
in,O
December,B-tim
as,O
consumers,O
cut,O
spending,O
and,O
housing,O
slumped,O
.,O
However,O
",",O
the,O
industry,O
group,O
the,O
Institute,B-org
for,I-org
Supply,I-org
Management,I-org
that,O
tracks,O
the,O
data,O
says,O
December,B-tim
's,O
figures,O
showed,O
the,O
services,O
sector,O
shrinking,O
at,O
a,O
slower,O
rate,O
than,O
the,O
prior,O
month,O
.,O
Retail,O
sales,O
are,O
also,O
troubled,O
.,O
Big,O
discounts,O
following,O
the,O
Christmas,B-tim
holiday,I-tim
",",O
December,B-tim
25,I-tim
",",O
had,O
consumers,O
shopping,O
for,O
bargains,O
",",O
but,O
were,O
not,O
enough,O
to,O
help,O
retailers,O
salvage,O
a,O
disappointing,O
holiday,O
shopping,O
season,O
.,O
An,O
industry,O
group,O
",",O
the,O
International,B-org
Council,I-org
of,I-org
Shopping,I-org
Centers,I-org
",",O
says,O
sales,O
fell,O
almost,O
one,O
percent,O
last,O
week,O
",",O
compared,O
to,O
the,O
same,O
time,O
last,O
year,O
.,O
Other,O
reports,O
Tuesday,B-tim
show,O
U.S.,B-geo
factory,O
orders,O
falling,O
sharply,O
and,O
pending,O
home,O
resales,O
off,O
sharply,O
in,O
November,B-tim
.,O
Janice,B-per
Karpinski,I-per
The,O
U.S.,B-org
Army,I-org
has,O
demoted,O
the,O
reserve,O
officer,O
who,O
commanded,O
the,O
military,O
police,O
unit,O
at,O
Iraq,B-geo
's,O
Abu,B-geo
Ghraib,I-geo
in,O
a,O
highly,O
publicized,O
prisoner,O
abuse,O
scandal,O
.,O
The,O
Army,B-org
says,O
Brigadier,O
General,O
Janice,B-per
Karpinski,I-per
was,O
found,O
guilty,O
of,O
dereliction,O
of,O
duty,O
",",O
and,O
",",O
upon,O
President,O
Bush,B-per
's,O
approval,O
",",O
she,O
was,O
demoted,O
to,O
colonel,O
.,O
However,O
",",O
the,O
Army,B-org
says,O
no,O
action,O
or,O
lack,O
of,O
action,O
by,O
General,B-org
Karpinski,B-per
contributed,O
specifically,O
to,O
the,O
abuse,O
of,O
detainees,O
at,O
Abu,B-geo
Ghraib,I-geo
.,O
General,B-org
Karpinski,B-per
is,O
the,O
highest-ranking,O
U.S.,B-geo
officer,O
to,O
be,O
punished,O
in,O
the,O
wake,O
of,O
the,O
prison,O
scandal,O
.,O
Earlier,O
this,O
week,O
",",O
a,O
U.S.,B-geo
military,O
judge,O
threw,O
out,O
the,O
guilty,O
plea,O
of,O
Army,B-org
Private,I-org
First,I-org
Class,I-org
Lynndie,I-org
England,I-org
in,O
connection,O
with,O
the,O
scandal,O
.,O
Her,O
case,O
will,O
now,O
be,O
sent,O
back,O
to,O
military,O
authorities,O
for,O
further,O
consideration,O
.,O
International,O
human,O
rights,O
groups,O
say,O
gunmen,O
in,O
the,O
Democratic,B-geo
Republic,I-geo
of,I-geo
Congo,I-geo
have,O
killed,O
a,O
prominent,O
rights,O
activist,O
in,O
the,O
east,O
of,O
the,O
country,O
.,O
In,O
a,O
joint,O
statement,O
Monday,B-tim
",",O
Amnesty,B-org
International,I-org
",",O
Human,B-org
Rights,I-org
Watch,I-org
",",O
and,O
Front,B-org
Line,I-org
called,O
on,O
Congo,B-geo
's,O
government,O
to,O
investigate,O
the,O
slaying,O
of,O
Pascal,B-org
Kabungulu,I-org
Kibembi,I-org
.,O
He,O
was,O
executive,O
director,O
of,O
the,O
human,O
rights,O
group,O
Heirs,B-org
of,I-org
Justice,I-org
",",O
based,O
in,O
Congo,B-geo
's,O
South,B-geo
Kivu,I-geo
region,O
.,O
The,O
organizations,O
say,O
that,O
on,O
Sunday,B-tim
",",O
three,O
armed,O
men,O
in,O
uniform,O
broke,O
into,O
Mr.,B-per
Kabungulu,B-geo
's,O
home,O
in,O
Bukavu,B-geo
",",O
and,O
shot,O
him,O
in,O
front,O
of,O
his,O
family,O
.,O
The,O
groups,O
are,O
urging,O
the,O
Congolese,B-gpe
government,O
to,O
find,O
and,O
prosecute,O
those,O
responsible,O
and,O
to,O
develop,O
an,O
effective,O
plan,O
to,O
protect,O
human,O
rights,O
workers,O
.,O
They,O
say,O
some,O
rights,O
activists,O
have,O
fled,O
the,O
country,O
because,O
of,O
increased,O
threats,O
.,O
Witnesses,O
say,O
nearly,O
20,O
dead,O
whales,O
have,O
washed,O
up,O
Wednesday,B-tim
on,O
a,O
beach,O
in,O
Dakar,B-geo
",",O
Senegal,B-geo
.,O
Dakar,B-geo
journalist,O
Ricci,B-per
Shryock,I-per
tells,O
VOA,B-org
national,O
police,O
are,O
removing,O
the,O
carcasses,O
in,O
trucks,O
.,O
She,O
said,O
the,O
whales,O
measure,O
some,O
3.5,O
to,O
4.5,O
meters,O
.,O
Local,O
villagers,O
say,O
as,O
many,O
as,O
100,O
whales,O
swam,O
up,O
to,O
shore,O
late,B-tim
Tuesday,I-tim
night,I-tim
.,O
Fisherman,O
were,O
able,O
to,O
tow,O
some,O
of,O
the,O
animals,O
out,O
to,O
sea,O
.,O
It,O
is,O
unclear,O
why,O
the,O
animals,O
swam,O
close,O
to,O
shore,O
.,O
U.S.,B-geo
President,B-per
Barack,I-per
Obama,I-per
called,O
the,O
heads,O
of,O
the,O
nation,O
's,O
largest,O
banks,O
to,O
the,O
White,B-org
House,I-org
for,O
talks,O
Friday,B-tim
",",O
in,O
the,O
latest,O
effort,O
to,O
find,O
ways,O
to,O
bolster,O
the,O
battered,O
U.S.,B-geo
economy,O
.,O
Earlier,O
this,O
week,O
",",O
the,O
Obama,B-per
administration,O
proposed,O
a,O
plan,O
to,O
help,O
troubled,O
banks,O
by,O
using,O
a,O
government,O
and,O
private,O
partnership,O
to,O
buy,O
up,O
to,O
$,O
1,O
trillion,O
in,O
bad,O
loans,O
and,O
other,O
"""",O
toxic,O
assets,O
"""",O
from,O
them,O
.,O
Thursday,B-tim
",",O
Treasury,B-org
Secretary,O
Timothy,B-per
Geithner,I-per
urged,O
Congress,B-org
to,O
approve,O
the,O
administration,O
's,O
plan,O
to,O
expand,O
the,O
government,O
's,O
powers,O
to,O
monitor,O
large,O
financial,O
firms,O
.,O
There,O
may,O
be,O
some,O
faint,O
signs,O
the,O
effort,O
is,O
working,O
.,O
Economic,O
data,O
published,O
Friday,B-tim
shows,O
consumer,O
spending,O
rose,O
slightly,O
and,O
consumer,O
sentiment,O
improved,O
a,O
small,O
amount,O
in,O
February,B-tim
.,O
Economists,O
track,O
consumer,O
spending,O
and,O
their,O
views,O
of,O
the,O
economy,O
because,O
consumer,O
demand,O
drives,O
two-thirds,O
of,O
U.S.,B-geo
economic,O
activity,O
.,O
U.S.,B-geo
military,O
officials,O
say,O
the,O
death,O
toll,O
from,O
Wednesday,B-tim
's,O
helicopter,O
crash,O
in,O
southeastern,O
Afghanistan,B-geo
has,O
risen,O
to,O
16,O
",",O
including,O
at,O
least,O
four,O
American,B-gpe
crew,O
members,O
.,O
A,O
U.S.,B-geo
statement,O
says,O
two,O
other,O
people,O
listed,O
on,O
the,O
flight,O
manifest,O
are,O
missing,O
.,O
The,O
Chinook,O
helicopter,O
was,O
returning,O
to,O
Bagram,B-geo
air,O
base,O
from,O
Ghazni,B-geo
province,O
",",O
southwest,O
of,O
the,O
capital,O
",",O
Kabul,B-per
",",O
when,O
it,O
went,O
down,O
near,O
Ghazni,B-geo
city,O
.,O
The,O
U.S.,B-geo
military,O
suggests,O
severe,O
weather,O
was,O
to,O
blame,O
for,O
what,O
is,O
the,O
deadliest,O
military,O
crash,O
in,O
Afghanistan,B-geo
since,O
the,O
start,O
of,O
U.S.-led,O
operations,O
to,O
oust,O
the,O
Taleban,B-org
in,O
late,O
2001,B-tim
.,O
The,O
European,B-org
Union,I-org
will,O
start,O
talks,O
with,O
Bosnia,B-geo
on,O
Friday,B-tim
on,O
an,O
accord,O
to,O
move,O
the,O
country,O
closer,O
to,O
joining,O
the,O
25-nation,O
bloc,O
.,O
The,O
EU,B-org
Enlargement,I-org
Commissioner,I-org
Olli,B-per
Rehn,I-per
will,O
travel,O
to,O
Bosnia,B-geo
to,O
open,O
talks,O
on,O
the,O
Stabilization,B-org
and,I-org
Association,I-org
Agreement,I-org
.,O
EU,B-org
foreign,O
ministers,O
say,O
Bosnia,B-geo
's,O
progress,O
on,O
the,O
agreement,O
depends,O
on,O
its,O
willingness,O
to,O
continue,O
reforms,O
and,O
cooperate,O
with,O
the,O
U.N.,B-org
war,O
crimes,O
tribunal,O
.,O
Two,O
key,O
Bosnian,B-gpe
war,O
crimes,O
suspects,O
",",O
Bosnian,B-gpe
Serb,I-gpe
leader,O
Radovan,B-per
Karadzic,I-per
and,O
army,O
commander,O
Ratko,B-per
Mladic,I-per
",",O
remain,O
at,O
large,O
.,O
The,O
EU,B-org
Monday,B-tim
also,O
extended,O
the,O
mandate,O
for,O
the,O
more,O
than,O
"6,000",O
peacekeeping,O
troops,O
in,O
Bosnia,B-geo
through,B-tim
next,O
year,O
.,O
The,O
EU,B-org
decisions,O
came,O
as,O
senior,O
Bosnian,B-gpe
and,O
U.N.,B-org
diplomats,O
meet,O
in,O
Washington,B-geo
to,O
mark,O
the,O
10th,B-tim
anniversary,I-tim
of,I-tim
the,O
Dayton,B-org
Peace,I-org
Accords,I-org
",",O
which,O
ended,O
the,O
three-year,B-tim
war,O
in,O
Bosnia-Herzegovina,B-geo
.,O
Russian,B-gpe
Defense,O
Minister,O
Sergei,B-per
Ivanov,I-per
has,O
accused,O
some,O
NATO,B-org
countries,O
of,O
illegally,O
supplying,O
Soviet-made,O
arms,O
to,O
Georgia,B-geo
.,O
The,O
Russian,B-gpe
official,O
Friday,B-tim
did,O
not,O
name,O
the,O
countries,O
allegedly,O
involved,O
",",O
but,O
he,O
said,O
they,O
were,O
from,O
among,O
the,O
seven,O
formerly,O
communist-ruled,O
East,B-geo
European,O
countries,O
that,O
joined,O
the,O
alliance,O
in,O
2004,B-tim
.,O
Ivanov,B-per
made,O
his,O
comments,O
following,O
a,O
meeting,O
with,O
defense,O
ministers,O
of,O
the,O
26,O
NATO,B-org
countries,O
in,O
the,O
Slovenian,O
seaside,O
resort,O
of,O
Portoroz,B-geo
.,O
Georgian,B-gpe
officials,O
filed,O
espionage,O
charges,O
against,O
Russian,B-gpe
military,O
officers,O
this,O
week,O
.,O
Ivanov,B-per
alleged,O
the,O
move,O
was,O
part,O
of,O
efforts,O
to,O
force,O
Moscow,B-geo
to,O
withdraw,O
its,O
troops,O
from,O
Georgia,B-geo
and,O
clear,O
the,O
way,O
for,O
Georgian,B-gpe
authorities,O
to,O
pursue,O
a,O
military,O
solution,O
in,O
secessionist,O
areas,O
of,O
the,O
country,O
.,O
NATO,B-org
Secretary-General,I-org
Jaap,I-org
de,I-org
Hoop,I-org
Scheffer,I-org
called,O
on,O
both,O
sides,O
to,O
de-escalate,O
tensions,O
.,O
Earlier,O
this,O
month,O
",",O
NATO,B-org
angered,O
Russia,B-geo
by,O
approving,O
intensified,O
dialogue,O
with,O
Georgia,B-geo
.,O
Pakistan,B-geo
has,O
released,O
17,O
former,O
Guantanamo,B-geo
Bay,I-geo
detainees,O
who,O
had,O
been,O
freed,O
from,O
U.S.,B-geo
custody,O
nine,B-tim
months,O
ago,O
and,O
detained,O
for,O
further,O
investigation,O
on,O
their,O
return,O
to,O
Pakistan,B-geo
.,O
The,O
released,O
men,O
are,O
part,O
of,O
a,O
group,O
of,O
35,O
Pakistani,B-gpe
detainees,O
who,O
were,O
cleared,O
by,O
U.S.,B-geo
authorities,O
last,O
September,B-tim
.,O
A,O
religious,O
affairs,O
adviser,O
for,O
the,O
government,O
in,O
Punjab,B-geo
province,O
says,O
the,O
men,O
were,O
finally,O
released,O
today,B-tim
after,O
they,O
promised,O
not,O
to,O
take,O
part,O
in,O
militant,O
activities,O
.,O
Hundreds,O
of,O
Pakistanis,B-gpe
went,O
to,O
Afghanistan,B-geo
to,O
fight,O
alongside,O
the,O
Taleban,B-org
militia,O
against,O
the,O
United,B-geo
States,I-geo
.,O
After,O
the,O
Taleban,B-org
regime,O
was,O
ousted,O
in,O
late,O
2001,B-tim
",",O
many,O
Pakistanis,B-gpe
were,O
jailed,O
in,O
Afghanistan,B-geo
",",O
and,O
some,O
were,O
sent,O
to,O
Guantanamo,B-geo
.,O
United,B-org
Nations,I-org
Secretary,O
General,B-per
Kofi,I-per
Annan,I-per
says,O
he,O
believes,O
another,O
investigation,O
will,O
be,O
necessary,O
into,O
last,O
month,O
's,O
assassination,O
of,O
former,O
Lebanese,B-gpe
prime,O
minister,O
Rafik,B-per
Hariri,I-per
.,O
In,O
a,O
speech,O
Wednesday,B-tim
to,O
Arab,B-gpe
leaders,O
meeting,O
in,O
Algiers,B-geo
",",O
Mr.,B-per
Annan,I-per
said,O
that,O
within,O
the,O
next,O
few,B-tim
days,O
he,O
expects,O
to,O
release,O
a,O
report,O
on,O
a,O
fact-finding,O
mission,O
into,O
the,O
February,B-tim
14th,I-tim
killing,O
.,O
But,O
he,O
added,O
that,O
another,O
more,O
comprehensive,O
probe,O
might,O
be,O
necessary,O
.,O
News,O
reports,O
from,O
Lebanon,B-geo
say,O
the,O
U.N.,B-org
fact-finding,O
report,O
is,O
expected,O
to,O
accuse,O
Lebanese,B-gpe
authorities,O
of,O
negligence,O
and,O
evidence,O
tampering,O
.,O
Lebanon,B-geo
's,O
pro-Syrian,O
government,O
has,O
said,O
it,O
was,O
investigating,O
the,O
massive,O
bombing,O
in,O
Beirut,B-geo
that,O
killed,O
Mr.,B-per
Hariri,I-per
.,O
But,O
there,O
has,O
been,O
no,O
official,O
statement,O
on,O
the,O
probe,O
.,O
Meanwhile,O
",",O
Mr.,B-per
Annan,I-per
said,O
he,O
expected,O
the,O
withdrawal,O
of,O
Syrian,B-gpe
troops,O
from,O
Lebanon,B-geo
to,O
be,O
completed,O
before,O
Lebanese,B-gpe
parliamentary,O
elections,O
set,O
for,O
May,B-tim
.,O
Russian,B-gpe
Defense,O
Minister,B-per
Sergei,I-per
Ivanov,I-per
says,O
the,O
government,O
is,O
cutting,O
its,O
troops,O
in,O
Chechnya,B-geo
by,O
"1,000",O
.,O
Mr.,B-per
Ivanov,I-per
made,O
the,O
announcement,O
Friday,B-tim
at,O
a,O
military,O
installation,O
in,O
the,O
southern,O
Russian,B-gpe
city,O
of,O
Rostov-on-Don,B-geo
.,O
He,O
gave,O
no,O
reason,O
for,O
the,O
action,O
.,O
The,O
Itar-Tass,O
news,O
agency,O
says,O
airborne,O
troops,O
and,O
marine,O
units,O
in,O
the,O
mountainous,O
regions,O
of,O
Chechnya,B-geo
will,O
be,O
withdrawn,O
.,O
Mr.,B-per
Ivanov,I-per
says,O
the,O
only,O
forces,O
that,O
will,O
remain,O
next,O
year,O
in,O
the,O
war-torn,O
breakaway,O
republic,O
will,O
be,O
an,O
infantry,O
division,O
and,O
Defense,B-org
Ministry,I-org
commando,O
forces,O
.,O
Russia,B-geo
has,O
been,O
fighting,O
separatists,O
in,O
Chechnya,B-geo
for,O
most,O
of,O
the,O
past,B-tim
decade,I-tim
",",O
in,O
a,O
conflict,O
that,O
has,O
devastated,O
the,O
region,O
.,O
President,B-per
Vladimir,I-per
Putin,I-per
has,O
repeatedly,O
said,O
the,O
fighting,O
is,O
dying,O
down,O
",",O
but,O
the,O
violence,O
continues,O
.,O
U.N.,B-org
Secretary-General,B-per
Kofi,I-per
Annan,I-per
has,O
urged,O
all,O
Iraqis,B-gpe
to,O
refrain,O
from,O
acts,O
of,O
violence,O
and,O
put,O
aside,O
their,O
differences,O
",",O
in,O
the,O
wake,O
of,O
Monday,B-tim
's,O
suicide,O
car,O
bombing,O
in,O
Hilla,B-geo
that,O
killed,O
at,O
least,O
125,O
people,O
.,O
A,O
statement,O
issued,O
through,O
his,O
spokesman,O
condemned,O
the,O
attack,O
as,O
a,O
flagrant,O
violation,O
of,O
international,O
law,O
that,O
seeks,O
to,O
undermine,O
the,O
prospects,O
of,O
peace,O
",",O
democracy,O
and,O
prosperity,O
.,O
The,O
attack,O
",",O
the,O
deadliest,O
of,O
its,O
kind,O
since,O
the,O
fall,O
of,O
Saddam,B-per
Hussein,I-per
's,O
regime,O
in,O
2003,B-tim
",",O
wounded,O
more,O
than,O
100,O
other,O
people,O
.,O
Witnesses,O
say,O
the,O
bomber,O
drove,O
a,O
car,O
into,O
a,O
crowd,O
of,O
people,O
seeking,O
medical,O
checkups,O
needed,O
for,O
government,O
jobs,O
.,O
There,O
has,O
been,O
no,O
claim,O
of,O
responsibility,O
.,O
The,O
White,B-org
House,I-org
condemned,O
the,O
attack,O
.,O
U.S.,B-geo
lawmaker,O
Connie,B-per
Mack,I-per
says,O
Arabic-language,O
al-Jazeera,O
television,O
",",O
which,O
has,O
allied,O
with,O
Latin,B-geo
America,I-geo
's,O
Telesur,B-geo
network,O
",",O
is,O
nothing,O
more,O
than,O
a,O
mouthpiece,O
for,O
terrorists,O
.,O
The,O
Republican,O
congressman,O
from,O
the,O
southeastern,O
U.S.,B-geo
state,O
of,O
Florida,B-geo
tells,O
VOA,B-org
he,O
is,O
very,O
concerned,O
about,O
that,O
alliance,O
.,O
Earlier,O
",",O
he,O
said,O
it,O
would,O
create,O
a,O
global,O
network,O
for,O
terrorists,O
and,O
other,O
enemies,O
of,O
freedom,O
.,O
He,O
is,O
calling,O
for,O
Congress,B-org
to,O
pass,O
a,O
plan,O
authorizing,O
the,O
U.S.,B-geo
government,O
to,O
begin,O
radio,O
and,O
television,O
broadcasts,O
into,O
Venezuela,B-geo
.,O
Thursday,B-tim
",",O
Venezuela,B-geo
's,O
Communications,B-org
Ministry,I-org
said,O
Congressman,B-per
Mack,I-per
's,O
comments,O
represent,O
a,O
veiled,O
threat,O
that,O
the,O
United,B-geo
States,I-geo
will,O
attack,O
Telesur,B-geo
's,O
headquarters,O
in,O
Caracas,B-geo
.,O
A,O
spokesman,O
for,O
the,O
State,B-org
Department,I-org
said,O
Friday,B-tim
it,O
is,O
not,O
up,O
to,O
the,O
U.S.,B-geo
government,O
to,O
dictate,O
what,O
sort,O
of,O
business,O
deals,O
media,O
organizations,O
can,O
make,O
.,O
President,B-per
Bush,I-per
will,O
visit,O
the,O
U.S.,B-geo
Gulf,I-geo
Coast,I-geo
Sunday,B-tim
as,O
the,O
region,O
continues,O
to,O
clean-up,O
from,O
Hurricane,B-nat
Katrina,I-nat
.,O
The,O
visit,O
will,O
be,O
Mr.,B-per
Bush,I-per
's,O
third,O
trip,O
to,O
the,O
area,O
since,O
the,O
devastating,O
storm,O
hit,O
nearly,O
two,B-tim
weeks,O
ago,O
.,O
Cleanup,O
and,O
recovery,O
efforts,O
in,O
New,B-geo
Orleans,I-geo
are,O
showing,O
signs,O
of,O
progress,O
.,O
The,O
U.S.,B-org
Army,I-org
Corps,I-org
of,I-org
Engineers,I-org
now,O
says,O
it,O
will,O
take,O
40,O
days,O
to,O
pump,O
the,O
floodwaters,O
out,O
of,O
the,O
city,O
",",O
cutting,O
its,O
original,O
estimate,O
in,O
half,O
.,O
The,O
city,O
's,O
Louis,B-geo
Armstrong,I-geo
International,I-geo
Airport,I-geo
will,O
reopen,O
to,O
passenger,O
traffic,O
on,O
Tuesday,B-tim
.,O
Meanwhile,O
",",O
the,O
block-to-block,O
search,O
continues,O
for,O
those,O
killed,O
when,O
Katrina,B-nat
hit,O
landfall,O
.,O
Officials,O
now,O
cautiously,O
say,O
the,O
death,O
toll,O
may,O
be,O
far,O
lower,O
than,O
the,O
thousands,O
originally,O
feared,O
.,O
The,O
death,O
toll,O
now,O
stands,O
at,O
nearly,O
400,O
across,O
the,O
region,O
",",O
with,O
154,O
in,O
New,B-geo
Orleans,I-geo
.,O
Maoist,O
rebels,O
in,O
Nepal,B-gpe
have,O
raided,O
a,O
western,O
town,O
",",O
in,O
one,O
of,O
their,O
largest,O
assaults,O
since,O
ending,O
a,O
unilateral,O
ceasefire,O
earlier,O
this,O
month,O
.,O
Security,O
officials,O
say,O
at,O
least,O
six,O
policemen,O
were,O
missing,O
",",O
but,O
no,O
casualties,O
were,O
reported,O
when,O
the,O
rebels,O
fired,O
on,O
a,O
police,O
station,O
as,O
well,O
as,O
banks,O
and,O
offices,O
in,O
the,O
town,O
of,O
Dhangadi,B-geo
overnight,B-tim
.,O
The,O
officials,O
say,O
Nepalese,B-gpe
soldiers,O
returned,O
fire,O
",",O
and,O
reclaimed,O
control,O
of,O
the,O
town,O
after,O
a,O
prolonged,O
gunbattle,O
.,O
Maoist,O
rebels,O
have,O
carried,O
out,O
a,O
series,O
of,O
attacks,O
in,O
western,O
Nepal,B-gpe
since,O
they,O
canceled,O
a,O
four-month,O
long,O
truce,O
on,O
January,B-tim
second,I-tim
.,O
The,O
guerillas,O
say,O
they,O
resumed,O
hostilities,O
because,O
Nepal,B-gpe
's,O
royalist,O
government,O
refused,O
to,O
match,O
the,O
ceasefire,O
.,O
The,O
Maoists,O
have,O
been,O
fighting,O
to,O
overthrow,O
Nepal,B-gpe
's,O
monarchy,O
since,B-tim
1996,I-tim
.,O
At,O
least,O
"12,000",O
people,O
have,O
died,O
in,O
the,O
fighting,O
.,O
The,O
foreign,O
ministers,O
of,O
Japan,B-geo
and,O
South,B-geo
Korea,I-geo
have,O
discussed,O
their,O
strained,O
relations,O
in,O
a,O
meeting,O
on,O
the,O
sidelines,O
of,O
an,O
Asian,O
summit,O
in,O
Malaysia,B-geo
's,O
capital,O
",",O
Kuala,B-org
Lumpur,I-org
.,O
During,O
talks,O
Saturday,B-tim
",",O
Seoul,B-geo
's,O
Foreign,O
Minister,O
Ban,B-per
Ki-moon,I-per
told,O
his,O
Japanese,B-gpe
counterpart,O
",",O
Taro,B-org
Aso,I-org
",",O
that,O
visits,O
by,O
Japan,B-geo
's,O
prime,O
minister,O
to,O
a,O
controversial,O
war,O
shrine,O
are,O
disrupting,O
bilateral,O
relations,O
.,O
The,O
shrine,O
honors,O
Japan,B-geo
's,O
war,O
dead,O
",",O
including,O
convicted,O
war,O
criminals,O
.,O
Critics,O
",",O
including,O
South,B-geo
Korea,I-geo
and,O
China,B-geo
",",O
say,O
the,O
shrine,O
glorifies,O
Japan,B-geo
's,O
wartime,O
past,O
.,O
But,O
Japanese,B-gpe
Prime,B-per
Minister,O
Junichiro,B-per
Koizumi,I-per
says,O
he,O
visits,O
the,O
shrine,O
to,O
pray,O
for,O
peace,O
.,O
Thursday,B-tim
",",O
China,B-geo
ruled,O
out,O
holding,O
a,O
meeting,O
with,O
senior,O
leaders,O
from,O
Japan,B-geo
and,O
South,B-geo
Korea,I-geo
during,O
the,O
regional,O
summit,O
",",O
which,O
officially,O
begins,O
Monday,B-tim
.,O
The,O
three,O
nations,O
have,O
met,O
on,O
the,O
sidelines,O
of,O
the,O
Association,B-org
of,I-org
Southeast,I-org
Asian,I-org
Nations,I-org
summit,O
for,O
the,O
past,B-tim
six,I-tim
years,O
.,O
NATO,B-org
has,O
acknowledged,O
responsibility,O
for,O
killing,O
12,O
Afghan,B-gpe
civilians,O
during,O
a,O
major,O
U.S.-led,O
offensive,O
against,O
the,O
Taliban,B-org
in,O
southern,B-geo
Afghanistan,I-geo
.,O
NATO,B-org
says,O
the,O
civilians,O
were,O
killed,O
when,O
two,O
rockets,O
fired,O
at,O
insurgents,O
missed,O
their,O
intended,O
target,O
.,O
Afghan,B-gpe
President,B-per
Hamid,I-per
Karzai,I-per
expressed,O
sadness,O
at,O
the,O
incident,O
.,O
He,O
has,O
ordered,O
an,O
investigation,O
into,O
the,O
deaths,O
in,O
the,O
Nad,B-geo
Ali,I-geo
district,O
.,O
The,O
large-scale,O
military,O
operation,O
began,O
early,O
Saturday,B-tim
",",O
concentrated,O
on,O
the,O
farming,O
community,O
of,O
Marjah,B-geo
in,O
southern,B-geo
Helmand,I-geo
province,O
.,O
Some,O
"15,000",O
U.S.,B-geo
",",O
British,B-gpe
and,O
Afghan,B-gpe
soldiers,O
are,O
involved,O
in,O
the,O
offensive,O
",",O
designed,O
to,O
oust,O
the,O
Taliban,B-org
from,O
an,O
area,O
that,O
has,O
been,O
an,O
insurgent,O
stronghold,O
.,O
Afghan,B-gpe
officials,O
said,O
Sunday,B-tim
that,O
at,O
least,O
27,O
insurgents,O
have,O
been,O
killed,O
during,O
the,O
fighting,O
.,O
NATO,B-org
says,O
one,O
American,B-org
and,O
one,O
British,B-gpe
soldier,O
were,O
killed,O
on,O
the,O
first,B-tim
day,I-tim
of,I-tim
the,O
offensive,B-tim
.,O
During,O
an,O
interview,O
Sunday,B-tim
on,O
CNN,B-org
",",O
U.S.,B-org
National,I-org
Security,I-org
Advisor,I-org
James,B-per
Jones,I-per
described,O
the,O
operation,O
as,O
going,O
well,O
.,O
U.S.,B-org
Secretary,I-org
of,I-org
State,I-org
Condoleezza,B-per
Rice,I-per
says,O
the,O
Bush,B-per
administration,O
is,O
still,O
considering,O
setting,O
up,O
a,O
diplomatic,O
mission,O
in,O
Iran,B-geo
.,O
Rice,B-per
refuted,O
an,O
Associated,B-org
Press,I-org
report,O
that,O
the,O
administration,O
had,O
decided,O
to,O
hand,O
the,O
issue,O
to,O
its,O
successor,O
.,O
She,O
told,O
reporters,O
that,O
Washington,B-geo
continues,O
to,O
look,O
at,O
the,O
idea,O
.,O
On,O
a,O
flight,O
from,O
India,B-geo
to,O
Kazakhstan,B-geo
for,O
talks,O
on,O
other,O
matters,O
",",O
Rice,B-per
called,O
the,O
idea,O
interesting,O
.,O
She,O
did,O
not,O
comment,O
further,O
.,O
The,O
United,B-geo
States,I-geo
and,O
Iran,B-geo
are,O
at,O
odds,O
over,O
the,O
Middle,B-geo
East,I-geo
country,O
's,O
nuclear,O
program,O
.,O
Iran,B-geo
has,O
ignored,O
U.N.,B-org
resolutions,O
demanding,O
that,O
it,O
stop,O
uranium,O
enrichment,O
.,O
U.S.,B-gpe
and,O
European,O
governments,O
fear,O
that,O
Iran,B-geo
is,O
trying,O
to,O
build,O
a,O
nuclear,O
bomb,O
.,O
Tehran,B-org
denies,O
that,O
and,O
says,O
it,O
wants,O
only,O
to,O
produce,O
low-grade,O
fuel,O
for,O
nuclear,O
energy,O
.,O
The,O
same,O
enrichment,O
process,O
also,O
could,O
be,O
used,O
to,O
produce,O
highly,O
enriched,O
uranium,O
for,O
nuclear,O
weapons,O
.,O
Sri,B-per
Lanka,B-gpe
's,O
military,O
says,O
rebels,O
have,O
ambushed,O
a,O
navy,B-org
bus,O
in,O
the,O
east,O
of,O
the,O
country,O
",",O
wounding,O
12,O
sailors,O
and,O
sparking,O
a,O
gunbattle,O
in,O
which,O
two,O
civilians,O
also,O
died,O
.,O
Officials,O
blame,O
Tamil,B-org
rebels,O
for,O
Tuesday,B-tim
's,O
attack,O
in,O
Trincomalee,B-geo
.,O
They,O
say,O
the,O
rebels,O
set,O
off,O
a,O
fragmentation,O
mine,O
as,O
the,O
navy,B-org
bus,O
passed,O
by,O
",",O
and,O
then,O
opened,O
fire,O
on,O
the,O
bus,O
with,O
small,O
arms,O
.,O
Officials,O
say,O
the,O
sailors,O
shot,O
back,O
",",O
and,O
two,O
civilians,O
were,O
killed,O
in,O
the,O
crossfire,O
.,O
Sri,B-per
Lanka,B-gpe
's,O
government,O
says,O
at,O
least,O
69,O
security,O
personnel,O
have,O
been,O
killed,O
by,O
rebels,O
since,B-tim
early,O
December,B-tim
.,O
The,O
violence,O
has,O
severely,O
strained,O
a,O
ceasefire,O
signed,O
by,O
both,O
sides,O
in,O
2002,B-tim
.,O
Russian,B-gpe
officials,O
say,O
they,O
will,O
send,O
a,O
naval,O
task,O
force,O
to,O
the,B-geo
Caribbean,I-geo
later,B-tim
this,O
year,O
for,O
possible,O
joint,O
exercises,O
with,O
Venezuelan,B-gpe
forces,O
.,O
A,O
Russian,B-gpe
Foreign,B-org
Ministry,I-org
spokesman,O
",",O
Andrei,B-per
Nesterenk,I-per
",",O
says,O
the,O
nuclear-powered,O
battle,O
cruiser,O
Peter,B-per
the,B-geo
Great,I-geo
will,O
lead,O
the,O
naval,O
mission,O
",",O
which,O
will,O
also,O
include,O
the,O
destroyer,O
Admiral,B-org
Chabanenko,I-org
and,O
other,O
vessels,O
including,O
a,O
fuel,O
tanker,O
.,O
The,O
spokesman,O
said,O
anti-submarine,O
aircraft,O
will,O
also,O
be,O
sent,O
to,O
Venezuela,B-geo
",",O
possibly,O
in,O
November,B-tim
.,O
The,O
spokesman,O
said,O
the,O
visit,O
was,O
planned,O
long,O
before,O
the,O
outbreak,O
of,O
the,O
Georgian,B-gpe
conflict,O
and,O
is,O
not,O
directed,O
against,O
any,O
third,O
country,O
.,O
Russian,B-gpe
authorities,O
have,O
accused,O
the,O
United,B-geo
States,I-geo
of,O
rearming,O
Georgia,B-geo
while,O
using,O
military,O
vessels,O
to,O
deliver,O
humanitarian,O
aid,O
to,O
the,O
Caucasus,B-org
country,O
.,O
U.S.,B-geo
officials,O
have,O
denied,O
the,O
charge,O
Venezuela,B-geo
's,O
leftist,O
President,B-per
Hugo,I-per
Chavez,I-per
",",O
a,O
harsh,O
critic,O
of,O
the,O
U.S.,B-geo
government,O
",",O
has,O
forged,O
closer,O
ties,O
with,O
Moscow,B-geo
",",O
including,O
arms,O
purchases,O
and,O
other,O
economic,O
deals,O
.,O
The,O
U.S.,B-gpe
military,O
in,O
Iraq,B-geo
says,O
a,O
roadside,O
bomb,O
has,O
killed,O
one,O
of,O
its,O
troops,O
south,O
of,O
the,O
capital,O
",",O
Baghdad,B-geo
.,O
The,O
military,O
says,O
the,O
soldier,O
was,O
killed,O
Thursday,B-tim
when,O
his,O
vehicle,O
hit,O
the,O
bomb,O
during,O
a,O
combat,O
patrol,O
near,O
Iskandariyah,B-geo
.,O
The,O
United,B-gpe
States,I-gpe
invaded,O
Iraq,B-geo
in,O
2003,B-tim
",",O
citing,O
concerns,O
about,O
alleged,O
weapons,O
of,O
mass,O
destruction,O
programs,O
.,O
No,O
such,O
weapons,O
were,O
found,O
.,O
Iraqi,B-gpe
officials,O
say,O
the,O
country,O
's,O
deputy,O
minister,O
of,O
electricity,O
",",O
Raad,B-per
al-Harith,I-per
",",O
and,O
seven,O
of,O
his,O
bodyguards,O
have,O
been,O
freed,O
hours,O
after,O
their,O
abduction,O
in,O
Baghdad,B-geo
.,O
The,O
fate,O
of,O
12,O
other,O
bodyguards,O
kidnapped,O
with,O
them,O
is,O
not,O
known,O
.,O
Gunmen,O
wearing,O
camouflage,O
uniforms,O
intercepted,O
the,O
minister,O
's,O
convoy,O
early,O
Tuesday,B-tim
.,O
The,O
abduction,O
was,O
the,O
second,O
high-profile,O
kidnapping,O
in,O
Baghdad,B-geo
in,O
less,O
than,O
a,O
week,O
.,O
On,O
Saturday,B-tim
",",O
gunmen,O
kidnapped,O
a,O
Sunni,B-per
Arab,I-per
legislator,O
",",O
Tayseer,B-per
al-Mashhadani,I-per
",",O
and,O
seven,O
of,O
her,O
bodyguards,O
.,O
Sunni,B-per
lawmakers,O
have,O
since,O
boycotted,O
parliament,O
and,O
demanded,O
her,O
release,O
.,O
Separately,O
",",O
the,O
U.S.,B-geo
military,O
says,O
coalition,O
forces,O
detained,O
three,O
suspected,O
al-Qaida,B-org
in,O
Iraq,B-geo
terrorists,O
",",O
including,O
a,O
senior,O
member,O
of,O
the,O
group,O
",",O
Monday,B-tim
during,O
a,O
raid,O
near,O
Tikrit,B-geo
.,O
The,O
U.S.,B-geo
military,O
also,O
says,O
Iraqi,B-gpe
soldiers,O
rescued,O
three,O
Red,B-org
Crescent,I-org
employees,O
from,O
kidnappers,O
Monday,B-tim
near,O
the,O
Al-Nida,B-org
Mosque,I-org
in,O
Baghdad,B-geo
.,O
The,O
U.S.,B-geo
space,O
agency,O
NASA,B-org
is,O
counting,O
down,O
toward,O
a,O
nighttime,O
launch,O
of,O
the,O
space,O
shuttle,O
Endeavouron,B-geo
a,O
16-day,B-tim
mission,I-tim
to,I-tim
the,B-geo
International,I-geo
Space,I-geo
Station,I-geo
.,O
The,O
shuttle,O
is,O
scheduled,O
to,O
launch,O
early,O
Tuesday,B-tim
morning,I-tim
with,O
seven,O
astronauts,O
and,O
some,O
high-tech,O
freight,O
on,O
board,O
.,O
Endeavour,O
will,O
deliver,O
the,O
first,O
module,O
of,O
a,O
Japanese,B-gpe
space,O
laboratory,O
and,O
a,O
Canadian,B-gpe
robot,O
designed,O
to,O
handle,O
some,O
of,O
the,O
jobs,O
performed,O
by,O
spacewalking,O
astronauts,O
.,O
The,O
Japanese,B-gpe
lab,O
is,O
called,O
Kibo,B-org
",",O
a,O
Japanese,B-gpe
word,O
for,O
hope,O
.,O
If,O
shuttle,O
flights,O
go,O
according,O
to,O
schedule,O
",",O
its,O
final,O
module,O
should,O
be,O
delivered,O
next,O
year,O
to,O
the,O
space,O
station,O
.,O
The,O
Canadian,B-gpe
robot,O
",",O
called,O
Dextre,B-org
",",O
can,O
be,O
operated,O
by,O
the,O
crew,O
inside,O
the,O
station,O
or,O
by,O
flight,O
controllers,O
on,O
the,O
ground,O
.,O
Astronauts,O
intend,O
to,O
perform,O
five,O
spacewalks,O
during,O
their,O
stay,O
at,O
the,O
space,O
station,O
.,O
The,O
16-day,B-tim
mission,I-tim
will,O
be,O
the,O
longest,O
shuttle,O
mission,O
to,O
the,O
space,O
station,O
to,O
date,O
.,O
Top,O
Palestinian,B-gpe
officials,O
have,O
arrived,O
in,O
Lebanon,B-geo
for,O
the,O
first,O
visit,O
by,O
Palestinian,B-gpe
leadership,O
in,O
more,B-tim
than,I-tim
two,I-tim
decades,I-tim
.,O
The,O
head,O
of,O
the,O
Palestine,B-org
Liberation,I-org
Organization,I-org
",",O
Mahmoud,B-per
Abbas,I-per
",",O
and,O
Prime,B-per
Minister,I-per
Ahmed,I-per
Qureia,I-per
are,O
due,O
to,O
meet,O
with,O
Lebanese,B-gpe
President,B-per
Emile,I-per
Lahoud,I-per
and,O
other,O
top,O
officials,O
Wednesday,B-tim
.,O
Monday,B-tim
",",O
Mr.,B-per
Abbas,I-per
was,O
in,O
Syria,B-geo
for,O
landmark,O
talks,O
with,O
Syrian,B-gpe
President,B-per
Bashar,I-per
al-Assad,I-per
to,O
discuss,O
plans,O
for,O
future,O
peace,O
efforts,O
with,O
Israel,B-geo
.,O
The,O
trips,O
by,O
Palestinian,B-gpe
leaders,O
to,O
Lebanon,B-geo
and,O
Syria,B-geo
are,O
aimed,O
at,O
improving,O
relations,O
that,O
were,O
strained,O
under,O
Palestinian,B-gpe
leader,O
Yasser,B-per
Arafat,I-per
",",O
who,O
died,O
last,O
month,O
.,O
Both,O
countries,O
opposed,O
Mr.,B-per
Arafat,I-per
's,O
signing,O
of,O
the,O
Oslo,B-geo
peace,O
accords,O
in,O
1993,B-tim
",",O
saying,O
the,O
agreement,O
derailed,O
a,O
joint,O
Arab,B-gpe
approach,O
to,O
peace,O
with,O
Israel,B-geo
.,O
More,O
than,O
100,O
countries,O
with,O
delegates,O
at,O
a,O
global,O
conference,O
on,O
racism,O
have,O
agreed,O
on,O
a,O
declaration,O
calling,O
for,O
an,O
end,O
to,O
intolerance,O
and,O
xenophobia,O
.,O
The,O
declaration,O
",",O
adopted,O
Tuesday,B-tim
in,O
Geneva,B-geo
",",O
reaffirms,O
a,O
2001,B-tim
statement,O
issued,O
at,O
the,O
first,O
United,B-org
Nations,I-org
conference,O
on,O
racism,O
in,O
Durban,B-geo
",",O
South,B-geo
Africa,I-geo
.,O
The,O
decision,O
Tuesday,B-tim
by,O
consensus,O
came,O
a,O
day,O
after,O
Iranian,B-gpe
President,B-per
Mahmoud,I-per
Ahmadinejad,I-per
stirred,O
controversy,O
with,O
an,O
address,O
in,O
which,O
he,O
described,O
Israel,B-geo
as,O
"""",O
cruel,O
",",O
repressive,O
and,O
racist,O
.,O
"""",O
Mr.,B-per
Ahmadinejad,I-per
's,O
address,O
sparked,O
a,O
walkout,O
by,O
delegates,O
from,O
23,O
European,O
Union,O
nations,O
.,O
The,O
United,B-org
States,I-org
and,O
eight,O
other,O
Western,O
countries,O
boycotted,O
the,O
conference,O
over,O
fears,O
that,O
it,O
would,O
become,O
a,O
forum,O
for,O
anti-Semitism,O
.,O
U.N.,B-org
and,O
Western,B-org
diplomats,O
criticized,O
the,O
Iranian,B-gpe
president,O
's,O
remarks,O
as,O
outrageous,O
",",O
anti-Semitic,O
and,O
an,O
incitement,O
to,O
hatred,O
.,O
U.N.,B-org
Secretary-General,I-org
Ban,I-org
Ki-moon,I-org
said,O
the,O
Iranian,B-gpe
leader,O
used,O
the,O
meeting,O
"""",O
to,O
accuse,O
",",O
divide,O
and,O
even,O
incite,O
.,O
"""",O
Israel,B-org
says,O
it,O
has,O
launched,O
fresh,O
airstrikes,O
against,O
Palestinian,B-gpe
militant,O
targets,O
in,O
the,O
Gaza,B-geo
Strip,I-geo
.,O
Army,B-per
officials,O
say,O
Israeli,B-gpe
aircraft,O
attacked,O
at,O
least,O
eight,O
roads,O
and,O
bridges,O
Sunday,B-tim
leading,O
to,O
sites,O
used,O
by,O
militants,O
to,O
launch,O
rockets,O
into,O
Israeli,B-gpe
territory,O
.,O
It,O
was,O
not,O
immediately,O
clear,O
if,O
there,O
were,O
any,O
casualties,O
.,O
On,O
Saturday,B-tim
",",O
Palestinian,B-org
officials,O
said,O
a,O
Palestinian,B-gpe
militant,O
was,O
killed,O
and,O
three,O
others,O
wounded,O
in,O
an,O
explosion,O
in,O
the,O
Gaza,B-geo
Strip,I-geo
.,O
Security,O
officials,O
said,O
Israeli,B-gpe
aircraft,O
fired,O
a,O
missile,O
at,O
a,O
car,O
carrying,O
the,O
militant,O
(,O
said,O
to,O
be,O
a,O
member,O
of,O
the,O
Abu,B-org
Rish,I-org
Brigades,I-org
),O
.,O
Israel,B-org
denied,O
the,O
report,O
.,O
Officials,O
in,O
Pakistan,B-geo
say,O
suspected,O
tribal,O
rebels,O
blew,O
up,O
three,O
natural,O
gas,O
pipelines,O
Saturday,B-tim
in,O
southwestern,O
Baluchistan,B-geo
province,O
.,O
Gas,O
company,O
officials,O
say,O
the,O
attacks,O
disrupted,O
natural,O
gas,O
supplies,O
to,O
several,O
districts,O
",",O
but,O
caused,O
no,O
injuries,O
.,O
No,O
one,O
immediately,O
claimed,O
responsibility,O
for,O
the,O
bombings,O
.,O
Elsewhere,O
",",O
Pakistani,B-gpe
security,O
forces,O
say,O
they,O
attacked,O
a,O
militant,O
hideout,O
near,O
the,O
Afghan,B-gpe
border,O
",",O
killing,O
between,O
15,O
and,O
20,O
suspected,O
militants,O
.,O
A,O
military,O
statement,O
said,O
the,O
operation,O
began,O
before,O
dawn,O
in,O
the,O
North,B-geo
Waziristan,I-geo
tribal,O
region,O
",",O
where,O
foreign,O
militants,O
and,O
their,O
local,O
supporters,O
are,O
hiding,O
.,O
Pakistan,B-geo
is,O
trying,O
to,O
clear,O
its,O
rugged,O
",",O
semi-autonomous,O
border,O
lands,O
of,O
militants,O
",",O
many,O
of,O
whom,O
fled,O
there,O
after,O
the,O
overthrow,O
of,O
the,O
Taleban,B-org
in,O
Afghanistan,B-geo
.,O
The,O
White,B-org
House,I-org
says,O
President,B-per
George,I-per
Bush,I-per
has,O
reaffirmed,O
strong,O
U.S.-Pakistani,O
relations,O
",",O
in,O
a,O
phone,O
call,O
he,O
made,O
to,O
Pakistan,B-geo
's,O
President,B-per
Pervez,I-per
Musharraf,I-per
.,O
Friday,B-tim
's,O
conversation,O
between,O
the,O
two,O
leaders,O
took,O
place,O
a,O
day,O
after,O
Mr.,B-per
Musharraf,I-per
dismissed,O
media,O
speculation,O
he,O
is,O
ready,O
to,O
resign,O
.,O
He,O
also,O
said,O
there,O
are,O
no,O
differences,O
between,O
him,O
and,O
the,O
chief,O
of,O
the,O
country,O
's,O
powerful,O
military,O
",",O
General,B-org
Ashfaq,I-org
Parvez,I-org
Kayani,I-org
.,O
Mr.,B-per
Musharraf,I-per
was,O
referring,O
to,O
a,O
report,O
in,O
a,O
Pakistani,B-gpe
newspaper,O
",",O
The,B-org
News,I-org
Daily,I-org
",",O
that,O
speculated,O
he,O
was,O
about,O
to,O
quit,O
following,O
a,O
meeting,O
with,O
the,O
general,O
on,O
Wednesday,B-tim
.,O
The,O
military,O
said,O
the,O
two,O
men,O
discussed,O
routine,O
matters,O
.,O
The,O
landmark,O
trial,O
of,O
a,O
Congolese,B-gpe
war,O
crimes,O
suspect,O
has,O
been,O
temporarily,O
adjourned,O
after,O
the,O
first,O
witness,O
suddenly,O
recanted,O
his,O
earlier,O
testimony,O
.,O
The,O
young,O
man,O
was,O
testifying,O
Wednesday,B-tim
against,O
Thomas,B-per
Lubanga,I-per
",",O
the,O
first,O
suspect,O
to,O
go,O
on,O
trial,O
at,O
the,O
International,B-org
Criminal,I-org
Court,I-org
in,O
The,B-org
Hague,I-org
.,O
The,O
witness,O
",",O
whose,O
name,O
was,O
not,O
released,O
",",O
initially,O
said,O
Lubanga,B-per
's,O
men,O
recruited,O
him,O
off,O
a,O
street,O
and,O
sent,O
him,O
to,O
a,O
military,O
training,O
camp,O
.,O
But,O
after,O
a,O
break,O
",",O
the,O
witness,O
told,O
the,O
court,O
his,O
earlier,O
account,O
was,O
incorrect,O
.,O
Prosecutor,O
Fatou,B-per
Bensouda,I-per
requested,O
a,O
delay,O
to,O
investigate,O
what,O
caused,O
the,O
man,O
to,O
change,O
his,O
testimony,O
",",O
and,O
to,O
review,O
measures,O
designed,O
to,O
protect,O
his,O
safety,O
.,O
Lubanga,B-per
",",O
a,O
former,O
Congolese,B-gpe
militia,O
leader,O
",",O
is,O
accused,O
of,O
recruiting,O
and,O
using,O
children,O
under,O
the,O
age,O
of,O
15,O
as,O
soldiers,O
during,O
hostilities,O
in,O
the,O
eastern,O
Democratic,B-geo
Republic,I-geo
of,O
Congo,B-geo
.,O
A,O
published,O
report,O
says,O
U.S.,B-geo
military,O
officials,O
in,O
Iraq,B-geo
knew,O
that,O
American,B-gpe
forces,O
were,O
abusing,O
detainees,O
throughout,O
that,O
country,O
",",O
more,O
than,O
a,O
month,O
before,O
mistreatment,O
at,O
the,O
Abu,B-org
Ghraib,I-org
prison,I-org
was,O
uncovered,O
.,O
The,B-org
Washington,I-org
Post,I-org
newspaper,O
Wednesday,B-tim
",",O
says,O
a,O
confidential,O
report,O
about,O
the,O
abuse,O
was,O
given,O
to,O
Army,B-org
generals,O
in,O
Iraq,B-geo
in,O
December,B-tim
2003,I-tim
",",O
before,O
military,O
investigators,O
received,O
photographs,O
of,O
the,O
abuses,O
at,O
Abu,B-org
Ghraib,I-org
.,O
That,O
Abu,B-org
Ghraib,I-org
scandal,O
became,O
public,O
several,B-tim
months,O
later,B-tim
when,O
news,O
media,O
published,O
photographs,O
of,O
the,O
abuse,O
.,O
The,O
Post,B-org
says,O
the,O
confidential,O
report,O
was,O
written,O
by,O
retired,O
Colonel,O
Stuart,B-per
Herrington,I-per
.,O
He,O
disclosed,O
that,O
members,O
of,O
a,O
special,O
joint,O
military,O
and,O
Central,B-org
Intelligence,I-org
Agency,I-org
task,O
force,O
TF-121,B-org
were,O
abusing,O
detainees,O
throughout,O
Iraq,B-geo
and,O
using,O
a,O
secret,O
interrogation,O
facility,O
to,O
hide,O
their,O
activities,O
.,O
A,O
Pentagon,B-org
official,O
told,O
the,O
Post,B-org
the,O
Herrington,B-per
report,O
was,O
taken,O
very,O
seriously,O
",",O
and,O
that,O
its,O
findings,O
were,O
passed,O
on,O
to,O
U.S.,B-org
Central,I-org
Command,I-org
.,O
At,O
least,O
15,O
more,O
Iraqi,B-gpe
police,O
and,O
national,O
guardsmen,O
have,O
been,O
killed,O
",",O
as,O
insurgents,O
press,O
their,O
campaign,O
to,O
disrupt,O
upcoming,O
national,O
elections,O
.,O
A,O
suicide,O
car-bomb,O
explosion,O
in,O
Baghdad,B-geo
near,O
the,O
headquarters,O
of,O
Prime,B-per
Minister,I-per
Iyad,I-per
Allawi,I-per
's,O
political,O
party,O
killed,O
two,O
police,O
and,O
a,O
civilian,O
and,O
wounded,O
more,O
than,O
20,O
people,O
.,O
North,B-geo
of,O
the,O
capital,O
",",O
U.S.,B-geo
authorities,O
say,O
a,O
car,O
bombing,O
near,O
a,O
U.S.,B-geo
military,O
base,O
in,O
Balad,B-geo
killed,O
four,O
Iraqi,B-gpe
guardsmen,O
and,O
wounded,O
14,B-tim
.,O
In,O
Tikrit,B-geo
",",O
six,O
guardsmen,O
were,O
reported,O
killed,O
by,O
roadside,O
bombs,O
",",O
and,O
two,O
more,O
Iraqi,B-gpe
officers,O
were,O
killed,O
at,O
a,O
checkpoint,O
in,O
the,O
nearby,O
town,O
of,O
Baiji,B-geo
.,O
Separately,O
",",O
officials,O
say,O
a,O
policeman,O
was,O
killed,O
in,O
Mosul,B-geo
when,O
he,O
tried,O
to,O
move,O
a,O
decapitated,O
body,O
that,O
was,O
rigged,O
with,O
explosives,O
.,O
Security,O
officials,O
say,O
they,O
expected,O
an,O
increase,O
in,O
insurgent,O
attacks,O
before,B-tim
January,I-tim
30,I-tim
elections,O
.,O
Mexico,B-org
's,I-org
Institutional,I-org
Revolutionary,I-org
Party,I-org
has,O
selected,O
Roberto,B-per
Madrazo,I-per
as,O
its,O
candidate,O
for,O
the,O
2006,B-tim
presidential,O
election,O
.,O
Mr.,B-per
Madrazo,I-per
easily,O
defeated,O
challenger,O
Everado,B-per
Moreno,I-per
during,O
Sunday,B-tim
's,O
PRI,B-org
primary,O
election,O
.,O
Mr.,B-per
Madrazo,I-per
is,O
a,O
former,O
Tobasco,B-geo
state,O
governor,O
who,O
headed,O
the,O
PRI,B-org
until,O
recently,O
.,O
His,O
nomination,O
was,O
virtually,O
assured,O
after,O
his,O
main,O
challenger,O
Arturo,B-per
Montiel,I-per
dropped,O
out,O
last,O
month,O
amid,O
allegations,O
of,O
corruption,O
.,O
The,O
presidential,O
primary,O
is,O
the,O
party,O
first,O
since,O
it,O
was,O
defeated,O
by,O
President,B-per
Vicente,I-per
Fox,I-per
and,O
his,O
National,B-org
Action,I-org
Party,I-org
in,O
2000,B-tim
after,O
the,O
PRI,B-org
held,O
power,O
for,O
seven,O
decades,O
.,O
During,O
that,O
time,O
",",O
Mexican,B-gpe
presidents,O
handpicked,O
their,O
successors,O
in,O
the,O
party,O
.,O
With,O
conservative,O
president,O
Fox,B-per
not,O
allowed,O
to,O
run,O
again,O
",",O
Mr.,B-per
Madrazo,I-per
will,O
face,O
conservative,O
Felipe,B-per
Calderon,I-per
and,O
leftist,O
Andres,B-org
Manual,I-org
Lopez,I-org
Obrador,I-org
in,O
next,O
July,B-tim
's,O
election,O
.,O
Mr.,B-per
Obrador,I-per
is,O
currently,O
leading,O
most,O
opinion,O
polls,O
.,O
U.S.,B-org
Congressional,I-org
officials,O
say,O
the,O
White,B-org
House,I-org
intends,O
to,O
seek,O
$,O
40,O
billion,O
in,O
emergency,O
funds,O
to,O
finance,O
the,O
next,O
phase,O
of,O
recovery,O
from,O
Hurricane,B-nat
Katrina,I-nat
.,O
President,B-per
Bush,I-per
has,O
already,O
signed,O
a,O
$,O
10.5,O
billion,O
emergency,O
package,O
for,O
hurricane,O
victims,O
.,O
But,O
one,O
U.S.,B-geo
lawmaker,O
",",O
Senate,B-org
Democratic,I-org
leader,O
Harry,B-per
Reid,I-per
",",O
says,O
the,O
hurricane,O
could,O
cost,O
the,O
federal,O
government,O
$,O
150,O
billion,O
.,O
Earlier,O
",",O
Mr.,B-per
Bush,I-per
said,O
he,O
plans,O
to,O
oversee,O
an,O
investigation,O
into,O
what,O
went,O
wrong,O
with,O
the,O
government,O
's,O
response,O
to,O
Hurricane,B-nat
Katrina,I-nat
.,O
His,O
administration,O
has,O
come,O
under,O
heavy,O
criticism,O
over,O
the,O
government,O
's,O
relief,O
efforts,O
following,O
the,O
powerful,O
storm,O
.,O
Federal,B-org
Emergency,I-org
Management,I-org
Agency,I-org
Chief,O
Michael,B-per
Brown,I-per
has,O
also,O
been,O
the,O
focus,O
of,O
widespread,O
criticism,O
.,O
Some,O
U.S.,B-geo
lawmakers,O
have,O
called,O
for,O
his,O
removal,O
",",O
but,O
the,O
White,B-org
House,I-org
has,O
rejected,O
calls,O
for,O
top,O
federal,O
emergency,O
officials,O
to,O
be,O
replaced,O
.,O
Iran,B-geo
's,O
supreme,O
leader,O
Ayatollah,B-per
Ali,I-per
Khamenei,I-per
said,O
Saturday,B-tim
the,O
United,B-geo
States,I-geo
and,O
Israel,B-geo
are,O
his,O
country,O
's,O
main,O
enemies,O
.,O
In,O
a,O
televised,O
speech,O
",",O
Khamenei,B-per
said,O
hatred,O
toward,O
the,O
U.S.,B-geo
is,O
growing,O
around,O
the,O
world,O
.,O
His,O
remarks,O
come,O
just,O
three,O
days,O
after,O
the,O
United,B-geo
States,I-geo
rejected,O
an,O
Iranian,B-gpe
suggestion,O
to,O
hold,O
higher-level,O
talks,O
on,O
the,O
security,O
situation,O
in,O
Iraq,B-geo
.,O
Iran,B-geo
suggested,O
the,O
talks,O
as,O
U.S.,B-geo
and,O
Iranian,B-gpe
ambassadors,O
to,O
Iraq,B-geo
met,O
in,O
Baghdad,B-geo
to,O
discuss,O
Iraq,B-geo
's,O
security,O
.,O
The,O
U.S.,B-geo
has,O
accused,O
Iran,B-geo
of,O
supplying,O
weapons,O
and,O
training,O
to,O
Shi'ite,B-org
militias,O
in,O
Iraq,B-geo
.,O
Iran,B-geo
denies,O
the,O
charge,O
.,O
Khamenei,B-per
's,O
comments,O
came,O
as,O
he,O
marked,O
the,O
birthday,O
of,O
Imam,B-per
Ali,I-per
",",O
the,O
first,O
Imam,B-org
of,I-org
Shia,I-org
Muslims,I-org
.,O
The,O
United,B-geo
States,I-geo
and,O
Iran,B-geo
have,O
had,O
little,O
official,O
contact,O
for,O
27,B-tim
years,O
.,O
Washington,B-geo
broke,O
off,O
diplomatic,O
relations,O
in,O
April,B-tim
1980,I-tim
several,I-tim
months,O
after,O
Iranian,B-gpe
activists,B-tim
seized,O
the,O
U.S.,B-geo
embassy,O
in,O
Tehran,B-geo
and,O
took,O
its,O
staff,O
hostage,O
.,O
The,O
Palestinian,B-gpe
militant,O
group,O
Islamic,B-per
Jihad,I-per
says,O
it,O
has,O
ordered,O
its,O
gunmen,O
in,O
the,O
Gaza,B-geo
Strip,I-geo
to,O
stop,O
firing,O
rockets,O
at,O
Israeli,B-gpe
targets,O
while,O
Israel,B-geo
prepares,O
for,O
and,O
completes,O
its,O
Gaza,B-geo
evacuation,O
.,O
The,O
group,O
issued,O
a,O
statement,O
Wednesday,B-tim
",",O
a,O
day,O
after,O
errant,O
rocket,O
fire,O
into,O
southern,O
Israel,B-geo
killed,O
a,O
Palestinian,B-gpe
child,O
and,O
wounded,O
eight,O
other,O
Palestinians,B-gpe
.,O
The,O
Jihad,B-per
statement,O
denied,O
responsibility,O
.,O
Meanwhile,O
",",O
thousands,O
of,O
Jewish,O
settlers,O
and,O
their,O
right-wing,O
supporters,O
are,O
protesting,O
for,O
a,O
second,B-tim
straight,I-tim
day,I-tim
in,O
southern,O
Israel,B-geo
against,O
the,O
mid-August,B-org
Gaza,I-org
evacuation,O
.,O
The,O
protesters,O
",",O
encamped,O
near,O
the,O
Israeli,B-gpe
border,O
town,O
of,O
Ofakim,B-geo
",",O
have,O
vowed,O
to,O
march,O
to,O
nearby,O
Gaza,B-org
later,O
Wednesday,B-tim
",",O
despite,O
Israeli,B-gpe
warnings,O
that,O
"15,000",O
police,O
deployed,O
in,O
the,O
area,O
will,O
stop,O
them,O
.,O
Israel,B-geo
closed,O
Gaza,B-geo
to,O
all,O
Israeli,B-gpe
non-residents,B-tim
last,O
month,O
",",O
and,O
police,O
and,O
troops,O
have,O
blocked,O
earlier,O
attempts,O
by,O
protesters,O
to,O
enter,O
the,O
territory,O
.,O
Australia,B-geo
's,O
cricket,O
team,O
has,O
scored,O
376-7,O
by,O
stumps,O
on,O
the,O
first,O
day,O
of,O
its,O
second,O
test,O
match,O
against,O
India,B-geo
in,O
Sydney,B-geo
.,O
After,O
winning,O
the,O
toss,O
and,O
electing,O
to,O
bat,O
first,O
",",O
Australia,B-geo
lost,O
four,O
wickets,O
in,O
rapid,O
succession,O
.,O
However,O
",",O
Andrew,B-per
Symonds,I-per
was,O
able,O
to,O
lift,O
his,O
team,O
out,O
of,O
trouble,O
with,O
an,O
unbeaten,O
137,O
runs,O
",",O
his,O
second,O
career,O
test,O
century,O
.,O
Indian,B-gpe
bowler,O
R.,B-per
P.,I-per
Singh,I-per
was,O
Apr-28,O
in,O
21,O
overs,O
.,O
Harbhajan,B-per
Singh,I-per
finished,O
Feb-88,O
.,O
Symonds,B-per
resurrected,O
the,O
home,O
team,O
's,O
innings,O
with,O
partnerships,O
of,O
173,O
with,O
Brad,B-per
Hogg,I-per
and,O
69,O
with,O
Brett,B-per
Lee,I-per
.,O
Hogg,B-per
was,O
caught,O
out,O
for,O
79,O
runs,O
while,O
Lee,B-per
was,O
not,O
out,O
for,O
31,B-tim
.,O
Australia,B-geo
won,O
the,O
first,O
test,O
of,O
the,O
series,O
by,O
337,O
runs,O
in,O
Melbourne,B-geo
.,O
The,O
Aussies,B-gpe
are,O
hoping,O
to,O
win,O
their,O
16th,B-tim
test,O
match,O
in,O
a,O
row,O
.,O
The,O
third,O
test,O
starts,O
in,O
Perth,B-geo
on,O
January,B-tim
16th,I-tim
.,O
Authorities,O
in,O
Indian,B-gpe
Kashmir,B-geo
say,O
at,O
least,O
15,O
people,O
died,O
when,O
a,O
bus,O
veered,O
off,O
a,O
steep,O
mountain,O
road,O
and,O
plunged,O
into,O
a,O
gorge,O
.,O
Reports,O
from,O
the,O
area,O
Wednesday,B-tim
say,O
at,O
least,O
15,O
other,O
people,O
on,O
the,O
bus,O
were,O
injured,O
but,O
survived,O
the,O
accident,O
.,O
Survivors,O
',O
accounts,O
indicate,O
the,O
driver,O
lost,O
control,O
of,O
the,O
bus,O
on,O
a,O
sharp,O
curve,O
",",O
and,O
the,O
vehicle,O
plunged,O
250,O
meters,O
down,O
a,O
mountainside,O
.,O
Villagers,O
and,O
police,O
used,O
ropes,O
to,O
reach,O
the,O
wreck,O
.,O
The,O
bus,O
had,O
been,O
traveling,O
through,O
the,O
Tajouri,B-geo
district,O
",",O
nearly,O
200,O
kilometers,O
northwest,O
of,O
Jammu,B-geo
city,O
",",O
Indian,B-geo
Kashmir,I-geo
's,O
winter,O
capital,O
.,O
The,O
United,B-geo
States,I-geo
is,O
formally,O
protesting,O
China,B-geo
's,O
decision,O
to,O
deny,O
a,O
visa,O
to,O
U.S.,B-geo
Olympic,O
gold,O
medalist,O
and,O
Darfur,B-org
anti-violence,O
campaigner,O
Joey,B-per
Cheek,I-per
.,O
White,B-org
House,I-org
spokeswoman,O
Dana,B-per
Perino,I-per
said,O
Wednesday,B-tim
the,O
U.S.,B-geo
is,O
disturbed,O
to,O
learn,O
that,O
China,B-geo
has,O
refused,O
his,O
visa,O
.,O
Cheek,B-per
",",O
a,O
speedskater,O
who,O
competed,O
in,O
the,O
2006,B-tim
Winter,I-tim
Olympics,I-tim
",",O
had,O
planned,O
to,O
go,O
to,O
Beijing,B-geo
to,O
support,O
Olympic,O
athletes,O
who,O
are,O
members,O
of,O
Team,B-org
Darfur,I-org
.,O
The,O
group,O
aims,O
to,O
call,O
attention,O
to,O
the,O
humanitarian,O
crisis,O
in,O
Sudan,B-geo
's,O
Darfur,B-org
region,O
.,O
China,B-geo
is,O
a,O
major,O
investor,O
in,O
Sudan,B-geo
and,O
has,O
come,O
under,O
increasing,O
pressure,O
to,O
help,O
end,O
the,O
violence,O
in,O
Darfur,B-org
.,O
International,O
experts,O
say,O
more,O
than,O
"2,00,000",O
people,O
have,O
died,O
and,O
some,O
2.5,O
million,O
have,O
been,O
displaced,O
from,O
their,O
homes,O
since,O
Darfur,B-org
rebel,O
groups,O
rose,O
up,O
against,O
the,O
Sudanese,B-gpe
government,O
in,O
2003,B-tim
.,O
Sudan,B-geo
says,O
Western,B-geo
governments,O
and,O
media,O
have,O
exaggerated,O
the,O
scale,O
of,O
the,O
conflict,O
.,O
Taliban,B-org
militants,O
have,O
shot,O
and,O
killed,O
a,O
man,O
for,O
teaching,O
English,B-art
in,O
eastern,B-geo
Afghanistan,I-geo
",",O
sparking,O
a,O
gunbattle,O
that,O
left,O
two,O
militants,O
and,O
two,O
policemen,O
dead,O
.,O
Provincial,O
officials,O
Thursday,B-tim
said,O
the,O
man,O
was,O
teaching,O
English,B-art
courses,O
at,O
a,O
school,O
in,O
the,O
eastern,B-geo
Paktia,I-geo
province,O
when,O
he,O
was,O
killed,O
Wednesday,B-tim
.,O
Police,O
arrived,O
on,O
the,O
scene,O
and,O
clashed,O
with,O
militants,O
",",O
resulting,O
in,O
casualties,O
on,O
both,O
sides,O
.,O
Taliban,B-org
militants,O
have,O
destroyed,O
a,O
number,O
of,O
schools,O
in,O
Afghanistan,B-geo
and,O
repeatedly,O
target,O
those,O
seen,O
as,O
sympathetic,O
to,O
foreign,O
governments,O
.,O
Separately,O
",",O
U.S-led,O
coalition,O
troops,O
Thursday,B-tim
said,O
they,O
killed,O
several,O
militants,O
in,O
an,O
operation,O
on,O
Wednesday,B-tim
in,O
the,O
southern,O
Helmand,B-geo
province,O
.,O
This,O
year,O
has,O
been,O
the,O
deadliest,O
in,O
Afghanistan,B-geo
since,O
a,O
U.S.-led,O
invasion,O
ousted,O
the,O
Taliban,B-org
government,O
in,O
2001,B-tim
.,O
Taliban,B-org
militants,O
have,O
established,O
strongholds,O
in,O
the,O
south,O
and,O
east,O
",",O
attacking,O
U.S.,B-geo
and,O
NATO,B-org
troops,O
and,O
Afghan,B-gpe
soldiers,O
in,O
ambushes,O
and,O
suicide,O
bombings,O
.,O
Polish,B-gpe
prime,O
minister-designate,O
Donald,B-per
Tusk,I-per
says,O
he,O
wants,O
to,O
pull,O
Polish,B-gpe
troops,O
out,O
of,O
Iraq,B-geo
next,O
year,O
.,O
In,O
an,O
interview,O
Wednesday,B-tim
with,O
a,O
daily,O
newspaper,O
",",O
Polska,B-geo
",",O
Tusk,B-per
is,O
quoted,O
as,O
saying,O
his,O
new,O
government,O
would,O
want,O
to,O
finish,O
the,O
mission,O
of,O
the,O
900,O
troops,O
still,O
in,O
Iraq,B-geo
.,O
Tusk,B-per
also,O
said,O
he,O
wants,O
to,O
continue,O
good,O
relations,O
with,O
Washington,B-geo
",",O
but,O
needs,O
more,O
information,O
before,O
deciding,O
whether,O
to,O
back,O
U.S.,B-geo
plans,O
to,O
build,O
part,O
of,O
a,O
European,O
missile,O
defense,O
system,O
in,O
Poland,B-geo
.,O
He,O
says,O
he,O
wants,O
to,O
know,O
if,O
housing,O
10,O
U.S.,B-geo
interceptor,O
missiles,O
in,O
Poland,B-geo
increases,O
or,O
diminishes,O
security,O
.,O
In,O
Washington,B-geo
",",O
a,O
White,B-org
House,I-org
spokeswoman,O
",",O
Dana,B-per
Perino,I-per
",",O
expressed,O
appreciation,O
for,O
the,O
cooperation,O
of,O
countries,O
working,O
with,O
the,O
U.S.,B-geo
led,O
coalition,O
in,O
Iraq,B-geo
.,O
She,O
said,O
the,O
United,B-geo
States,I-geo
understands,O
the,O
difficulties,O
in,O
continuing,O
the,O
troop,O
presence,O
",",O
but,O
stressed,O
their,O
importance,O
in,O
guaranteeing,O
security,O
.,O
Signs,O
are,O
mounting,O
that,O
the,O
dominant,O
Fatah,B-geo
faction,O
of,O
Palestinian,B-gpe
President,B-per
Mahmoud,I-per
Abbas,I-per
may,O
consider,O
delaying,O
key,O
parliamentary,O
elections,O
scheduled,O
for,O
July,B-tim
.,O
The,O
issue,O
has,O
emerged,O
one,O
month,O
after,O
the,O
militant,O
Palestinian,B-gpe
Islamic,O
group,O
Hamas,B-org
announced,O
that,O
it,O
would,O
end,O
a,O
nearly,O
decade-long,O
boycott,O
and,O
participate,O
in,O
the,O
July,B-tim
elections,O
.,O
Palestinian,B-gpe
lawmakers,O
say,O
the,O
election,O
may,O
be,O
delayed,O
because,O
a,O
modified,O
election,O
law,O
may,O
not,O
be,O
adopted,O
in,O
time,O
.,O
But,O
other,O
officials,O
say,O
parliamentary,O
leaders,O
want,O
to,O
delay,O
the,O
vote,O
for,O
fear,O
Hamas,B-org
",",O
which,O
has,O
gained,O
considerable,O
public,O
support,O
",",O
would,O
undercut,O
Fatah,B-geo
's,O
power,O
in,O
parliament,O
.,O
Hamas,B-org
emerged,O
as,O
a,O
key,O
player,O
in,O
Palestinian,B-gpe
politics,O
after,O
winning,O
an,O
overwhelming,O
victory,O
in,O
its,O
Gaza,B-geo
Strip,I-geo
strongholds,O
in,O
January,B-tim
's,O
municipal,O
elections,O
.,O
Junoon,B-org
means,O
"""",O
obsession,O
"""",O
in,O
the,O
Urdu,B-geo
language,O
.,O
It,O
is,O
the,O
name,O
of,O
one,O
of,O
Pakistan,B-geo
's,O
and,O
perhaps,O
South,B-geo
Asia,I-geo
's,O
most,O
popular,O
rock,O
bands,O
.,O
The,O
group,O
is,O
based,O
in,O
Karachi,B-geo
",",O
and,O
was,O
formed,O
in,O
1990,B-tim
by,O
guitarist,O
",",O
songwriter,O
and,O
medical,O
doctor,O
Salman,B-per
Ahmad,I-per
.,O
Sometimes,O
when,O
Junoon,B-org
performs,O
in,O
the,O
United,B-geo
States,I-geo
",",O
an,O
American-based,O
singer,O
of,O
Indian,B-gpe
origin,O
",",O
known,O
as,O
Falu,B-per
",",O
opens,O
for,O
the,O
group,O
.,O
VOA,B-org
's,O
Ravi,B-per
Khanna,I-per
brings,O
us,O
a,O
glimpse,O
of,O
Falu,B-per
's,O
life,O
and,O
music,O
",",O
based,O
on,O
an,O
interview,O
by,O
VOA,B-org
's,O
Ethnomusicologist,B-org
",",O
Brian,B-per
Q.,I-per
Silver,I-per
.,O
An,O
international,O
donor,O
's,O
conference,O
has,O
opened,O
in,O
Beijing,B-geo
",",O
where,O
world,O
health,O
officials,O
hope,O
to,O
raise,O
$,O
1.5,O
billion,O
to,O
help,O
stop,O
the,O
spread,O
of,O
bird,O
flu,O
.,O
Officials,O
from,O
about,O
90,O
countries,O
are,O
attending,O
the,O
two-day,B-tim
meeting,O
sponsored,O
by,O
The,B-org
World,I-org
Bank,I-org
",",O
European,B-org
Union,I-org
",",O
and,O
China,B-geo
.,O
United,B-org
Nations,I-org
bird,O
flu,O
official,O
",",O
Dr.,B-per
David,I-per
Nabarro,I-per
",",O
says,O
the,O
$,O
1.5,O
billion,O
is,O
to,O
help,O
poor,O
countries,O
set,O
up,O
prevention,O
programs,O
.,O
He,O
says,O
much,O
more,O
would,O
be,O
needed,O
if,O
bird,O
flu,O
becomes,O
a,O
global,O
pandemic,O
.,O
Health,O
experts,O
fear,O
the,O
deadly,O
H5N1,O
strain,O
could,O
mutate,O
into,O
one,O
that,O
is,O
easily,O
spread,O
among,O
humans,O
and,O
create,O
a,O
worldwide,O
catastrophe,O
.,O
Bird,O
flu,O
has,O
killed,O
more,O
than,O
80,O
people,O
in,O
southeast,O
Asia,B-geo
",",O
China,B-geo
",",O
and,O
Turkey,B-geo
since,B-tim
2003,I-tim
.,O
Russian,B-gpe
President,B-per
Dmitri,I-per
Medvedev,I-per
has,O
arrived,O
the,O
Kazakhstan,B-geo
capital,O
",",O
Astana,B-geo
",",O
on,O
his,O
first,O
trip,O
abroad,O
since,O
taking,O
office,O
earlier,O
this,O
month,O
.,O
Mr.,B-per
Medvedev,I-per
will,O
also,O
travel,O
to,O
China,B-geo
",",O
arriving,O
in,O
Beijing,B-geo
on,O
Saturday,B-tim
.,O
Traditionally,O
new,O
Russian,B-gpe
leaders,O
visit,O
European,O
countries,O
on,O
their,O
first,O
official,O
foreign,O
trips,O
.,O
However,O
",",O
the,O
visit,O
to,O
Asia,B-geo
highlights,O
the,O
importance,O
that,O
Russia,B-org
places,O
on,O
energy,O
resources,O
in,O
the,O
region,O
.,O
Mr.,B-per
Medvedev,I-per
is,O
expected,O
to,O
discuss,O
energy,O
and,O
space,O
cooperation,O
.,O
Since,O
the,O
collapse,O
of,O
the,O
Soviet,B-geo
Union,I-geo
",",O
Moscow,B-geo
has,O
tried,O
to,O
regain,O
influence,O
over,O
the,O
former,O
Central,B-org
Asian,I-org
republics,O
.,O
Russia,B-geo
has,O
competed,O
with,O
the,O
West,B-geo
and,O
China,B-geo
over,O
access,O
to,O
oil,O
and,O
gas,O
reserves,O
in,O
Central,B-geo
Asia,I-geo
.,O
Mr.,B-per
Medvedev,I-per
is,O
due,O
to,O
visit,O
Germany,B-geo
in,O
early,O
June,B-tim
on,O
his,O
first,O
official,O
trip,O
to,O
a,O
European,O
country,O
.,O
The,B-org
African,I-org
Union,I-org
says,O
gunmen,O
in,O
Sudan,B-geo
's,O
troubled,O
Darfur,B-geo
region,O
have,O
killed,O
another,O
A.U.,B-geo
peacekeeper,O
.,O
An,O
A.U.,B-geo
spokesman,O
says,O
the,O
unidentified,O
attackers,O
shot,O
the,O
peacekeeper,O
and,O
stole,O
his,O
vehicle,O
late,O
Saturday,B-tim
near,O
the,O
entrance,O
of,O
an,O
A.U.,B-geo
compound,O
in,O
Al-Fasher,B-geo
",",O
the,O
capital,O
of,O
North,B-geo
Darfur,I-geo
state,O
.,O
The,O
nationality,O
of,O
the,O
dead,O
peacekeeper,O
was,O
not,O
disclosed,O
.,O
Seven,O
A.U.,B-geo
troops,O
have,O
been,O
killed,O
in,O
Darfur,B-geo
so,O
far,O
this,O
month,O
.,O
U.S.,B-org
Deputy,O
Secretary,O
of,O
State,B-org
John,B-per
Negroponte,B-org
had,O
visited,O
the,O
A.U.,B-geo
compound,O
in,O
Al-Fasher,B-geo
Saturday,B-tim
.,O
He,O
is,O
in,O
Sudan,B-geo
to,O
try,O
to,O
persuade,O
the,O
government,O
to,O
permit,O
the,O
deployment,O
of,O
U.N.,B-geo
troops,O
in,O
Darfur,B-geo
.,O
The,O
"7,000",O
A.U.,B-geo
peacekeepers,O
currently,O
in,O
Darfur,B-geo
are,O
poorly-equipped,O
and,O
have,O
failed,O
to,O
ease,O
the,O
violence,O
obstructing,O
humanitarian,O
work,O
in,O
the,O
region,O
.,O
A,O
Rwandan,B-gpe
peacekeeper,O
with,O
the,O
A.U.,B-geo
force,O
was,O
shot,O
dead,O
last,O
Tuesday,B-tim
",",O
while,O
gunmen,O
killed,O
five,O
Senegalese,B-gpe
peacekeepers,O
on,O
April,B-tim
1,I-tim
.,O
The,O
moderate,O
faction,O
of,O
Indian,B-gpe
Kashmir,B-org
's,O
main,O
political,O
separatist,O
alliance,O
says,O
it,O
will,O
urge,O
Pakistani,B-gpe
President,B-per
Pervez,I-per
Musharraf,I-per
to,O
include,O
them,O
in,O
talks,O
with,O
India,B-geo
on,O
the,O
future,O
of,O
the,O
divided,O
region,O
.,O
The,O
chairman,O
of,O
the,O
alliance,O
",",O
Mirwaiz,B-org
Umar,I-org
Farooq,I-org
",",O
says,O
he,O
intends,O
to,O
tell,O
General,B-org
Musharraf,I-org
that,O
the,O
Kashmir,B-org
dispute,O
can,O
not,O
be,O
solved,O
without,O
the,O
inclusion,O
of,O
Kashmiris,B-geo
.,O
The,O
Pakistani,B-gpe
leader,O
is,O
due,O
to,O
meet,O
the,O
separatists,O
in,O
New,B-geo
Delhi,I-geo
during,O
a,O
visit,O
Sunday,B-tim
to,O
watch,O
an,O
India-Pakistan,O
cricket,O
match,O
.,O
The,O
two,O
South,B-org
Asian,I-org
nuclear,O
rivals,O
have,O
twice,O
gone,O
to,O
war,O
over,O
Kashmir,B-org
since,O
they,O
gained,O
independence,O
from,O
Britain,B-geo
.,O
But,O
their,O
relations,O
have,O
improved,O
since,O
the,O
launch,O
of,O
a,O
peace,O
process,O
last,O
year,O
.,O
The,O
process,O
received,O
a,O
boost,O
last,O
week,O
when,O
the,O
two,O
sides,O
re-opened,O
a,O
historic,O
bus,O
route,O
across,O
the,O
military,O
line-of-control,O
for,O
the,O
first,O
time,O
in,O
nearly,O
60,O
years,O
.,O
Turkish,B-gpe
Prime,O
Minister,O
Recep,B-per
Tayyip,I-per
Erdogan,I-per
says,O
the,O
recent,O
outbreak,O
of,O
bird,O
flu,O
in,O
Turkey,B-geo
is,O
under,O
control,O
",",O
as,O
health,O
officials,O
confirmed,O
the,O
country,O
's,O
15th,B-tim
human,O
case,O
of,O
the,O
H5N1,O
virus,O
.,O
Mr.,B-per
Erdogan,I-per
said,O
agricultural,O
officials,O
continue,O
to,O
closely,O
monitor,O
the,O
situation,O
.,O
Agricultural,O
workers,O
say,O
they,O
have,O
slaughtered,O
some,O
"3,00,000",O
birds,O
and,O
have,O
stepped,O
up,O
an,O
information,O
campaign,O
to,O
inform,O
people,O
about,O
the,O
dangers,O
posed,O
by,O
infected,O
birds,O
.,O
Some,O
70,O
people,O
in,O
Turkey,B-geo
are,O
hospitalized,O
with,O
symptoms,O
of,O
avian,O
influenza,O
",",O
but,O
the,O
Associated,B-org
Press,I-org
quotes,O
health,O
officials,O
as,O
saying,O
most,O
of,O
them,O
have,O
tested,O
negative,O
for,O
bird,O
flu,O
.,O
In,O
Ukraine,B-geo
",",O
health,O
officials,O
Tuesday,B-tim
confirmed,O
new,O
cases,O
of,O
H5N1,B-nat
in,O
birds,O
at,O
three,O
poultry,O
farms,O
on,O
the,O
Crimean,B-gpe
peninsula,O
.,O
Bird,O
flu,O
has,O
killed,O
more,O
than,O
70,O
people,O
in,O
Asia,B-geo
since,B-tim
2003,I-tim
",",O
and,O
at,O
least,O
two,O
people,O
in,O
Turkey,B-geo
.,O
Democratic,B-org
Party,I-org
officials,O
say,O
U.S.,B-org
Senator,B-per
Christopher,I-per
Dodd,I-per
of,O
the,O
northeastern,O
state,O
of,O
Connecticut,B-geo
will,O
seek,O
the,O
2008,O
Democratic,O
presidential,O
nomination,O
.,O
The,O
62-year-old,O
veteran,O
lawmaker,O
is,O
expected,O
to,O
announce,O
his,O
candidacy,O
Thursday,B-tim
on,O
a,O
nationally,O
syndicated,O
radio,O
show,O
.,O
The,O
son,O
of,O
a,O
former,O
U.S.,B-geo
senator,O
",",O
Dodd,B-per
was,O
elected,O
to,O
the,O
House,B-org
of,I-org
Representatives,I-org
in,O
1974,B-tim
",",O
and,O
served,O
three,O
terms,O
before,O
his,O
election,O
to,O
the,O
Senate,B-org
in,O
1980,B-tim
.,O
He,O
voted,O
to,O
authorize,O
military,O
action,O
against,O
Iraq,B-geo
in,O
2002,B-tim
",",O
but,O
has,O
since,O
become,O
a,O
vocal,O
critic,O
of,O
President,B-per
Bush,I-per
's,O
handling,O
of,O
the,O
war,O
.,O
Dodd,B-per
joins,O
a,O
growing,O
field,O
of,O
official,O
candidates,O
",",O
including,O
former,O
Senator,B-per
John,I-per
Edwards,I-per
of,O
North,B-geo
Carolina,I-geo
",",O
Iowa,B-org
Governor,I-org
Tom,I-org
Vilsack,I-org
",",O
and,O
Representative,B-org
Dennis,I-org
Kucinich,I-org
of,I-org
Ohio,I-org
.,O
Two,O
other,O
sitting,O
senators,O
",",O
New,B-geo
York,I-geo
's,O
Hillary,B-geo
Rodham,I-geo
Clinton,I-geo
and,O
Barack,B-geo
Obama,B-per
of,O
Illinois,B-geo
",",O
are,O
also,O
considering,O
seeking,O
the,O
nomination,O
.,O
The,O
U.S.,B-geo
military,O
has,O
released,O
more,O
than,O
400,O
male,O
Iraqi,B-gpe
prisoners,O
",",O
after,O
an,O
Iraqi-led,O
review,O
board,O
found,O
no,O
reason,O
to,O
continue,O
to,O
keep,O
them,O
in,O
custody,O
.,O
The,O
releases,O
were,O
announced,O
Saturday,B-tim
.,O
A,O
U.S.,B-geo
statement,O
said,O
that,O
since,B-tim
August,I-tim
2004,I-tim
the,O
cases,O
of,O
about,O
"28,000",O
detainees,O
have,O
been,O
examined,O
and,O
about,O
half,O
of,O
them,O
have,O
been,O
released,O
.,O
Meanwhile,O
",",O
authorities,O
say,O
a,O
U.S.,B-geo
soldier,O
was,O
killed,O
Saturday,B-tim
by,O
a,O
roadside,O
bomb,O
in,O
Baghdad,B-geo
.,O
Separately,O
",",O
at,O
least,O
three,O
Iraq,B-geo
police,O
were,O
killed,O
in,O
another,O
roadside,O
explosion,O
in,O
the,O
city,O
.,O
Also,O
",",O
police,O
say,O
the,O
bodies,O
of,O
two,O
blindfolded,O
and,O
bound,O
men,O
were,O
found,O
in,O
Baghdad,B-geo
-,O
apparent,O
victims,O
of,O
reprisal,O
attacks,O
by,O
Shi'ite,O
and,O
Sunni,B-per
extremists,O
.,O
The,O
Iraqi,B-gpe
Interior,B-org
Ministry,I-org
is,O
probing,O
allegations,O
that,O
Shi'ite,B-org
death,O
squads,O
are,O
operating,O
within,O
Iraqi,B-gpe
police,O
ranks,O
.,O
Russia,B-geo
's,O
upper,O
house,O
of,O
parliament,O
has,O
approved,O
President,B-per
Vladimir,I-per
Putin,I-per
's,O
controversial,O
plan,O
to,O
end,O
direct,O
elections,O
to,O
choose,O
regional,O
governors,O
",",O
and,O
allow,O
the,O
Kremlin,B-org
to,O
appoint,O
them,O
instead,O
.,O
The,O
Federation,B-org
Council,I-org
adopted,O
the,O
measure,O
Wednesday,B-tim
by,O
145,O
votes,O
to,O
one,O
",",O
with,O
two,O
abstentions,O
.,O
It,O
now,O
goes,O
to,O
the,O
Kremlin,B-org
to,O
become,O
law,O
with,O
Mr.,B-per
Putin,B-org
's,O
signature,O
.,O
The,O
president,O
says,O
such,O
changes,O
are,O
necessary,O
to,O
block,O
terrorists,O
from,O
trying,O
to,O
influence,O
Russia,B-geo
's,O
local,O
elections,O
.,O
But,O
critics,O
across,O
the,O
political,O
spectrum,O
say,O
the,O
plan,O
is,O
a,O
step,O
back,O
from,O
democracy,O
.,O
Under,O
the,O
new,O
law,O
",",O
the,O
Kremlin,B-org
would,O
select,O
gubernatorial,O
candidates,O
",",O
whose,O
appointments,O
would,O
require,O
confirmation,O
by,O
regional,O
lawmakers,O
.,O
If,O
a,O
provincial,O
parliament,O
rejects,O
a,O
governor,O
chosen,O
by,O
Moscow,B-tim
",",O
the,O
new,O
law,O
says,O
Mr.,B-per
Putin,B-org
has,O
the,O
authority,O
to,O
dissolve,O
that,O
legislature,O
.,O
French,B-gpe
President,B-per
Jacques,I-per
Chirac,I-per
is,O
preparing,O
for,O
a,O
high-profile,O
television,O
appearance,O
to,O
try,O
to,O
boost,O
uncertain,O
prospects,O
for,O
French,B-gpe
ratification,O
of,O
the,O
European,B-org
Union,I-org
constitution,O
.,O
Mr.,B-per
Chirac,I-per
will,O
open,O
his,O
public,O
campaign,O
for,O
the,O
constitution,O
this,O
Thursday,B-tim
evening,O
in,O
a,O
televised,O
debate,O
with,O
an,O
audience,O
of,O
80,O
young,O
voters,O
.,O
His,O
appearance,O
follows,O
a,O
string,O
of,O
opinion,O
polls,O
that,O
have,O
shown,O
French,B-gpe
voters,O
planning,O
to,O
reject,O
the,O
constitution,O
in,O
a,O
referendum,O
on,O
May,B-tim
29,I-tim
.,O
Pollsters,O
say,O
opponents,O
plan,O
to,O
vote,O
against,O
the,O
constitution,O
to,O
highlight,O
their,O
fear,O
of,O
Turkish,B-gpe
EU,B-org
membership,O
or,O
to,O
register,O
their,O
discontent,O
with,O
Mr.,B-per
Chirac,I-per
's,O
socio-economic,O
policies,O
.,O
Some,O
critics,O
say,O
the,O
constitution,O
could,O
cost,O
French,B-gpe
jobs,O
and,O
destroy,O
the,O
country,O
's,O
social,O
welfare,O
system,O
.,O
The,O
constitution,O
",",O
aimed,O
at,O
streamlining,O
EU,B-org
decision-making,I-org
",",O
requires,O
ratification,O
by,O
all,O
of,O
the,O
union,O
's,O
25,O
member,O
states,O
to,O
take,O
effect,O
.,O
World,O
oil,O
prices,O
soared,O
to,O
yet,O
another,O
record,O
high,O
in,O
Thursday,B-tim
's,O
trading,O
",",O
increasing,O
the,O
threat,O
of,O
inflation,O
and,O
dimming,O
prospects,O
for,O
global,O
economic,O
growth,O
.,O
The,O
price,O
of,O
crude,O
oil,O
for,O
future,O
delivery,O
went,O
as,O
high,O
as,O
$,O
145.85,O
a,O
barrel,O
in,O
New,B-geo
York,I-geo
trading,O
.,O
Analysts,O
blamed,O
the,O
price,O
hikes,O
on,O
a,O
weak,O
U.S.,B-geo
dollar,O
",",O
concerns,O
about,O
conflict,O
in,O
the,O
Middle,B-geo
East,I-geo
",",O
and,O
lower,O
crude,O
oil,O
inventories,O
.,O
Raising,O
the,O
price,O
of,O
oil,O
boosts,O
the,O
cost,O
of,O
making,O
many,O
goods,O
and,O
increases,O
the,O
cost,O
of,O
delivering,O
everything,O
",",O
so,O
soaring,O
energy,O
costs,O
are,O
increasing,O
the,O
threat,O
of,O
inflation,O
.,O
Thursday,B-tim
",",O
the,O
European,B-org
Central,I-org
Bank,I-org
tried,O
to,O
fight,O
inflation,O
by,O
raising,O
interest,O
rates,O
a,O
quarter,O
of,O
a,O
point,O
to,O
4.25,O
percent,O
.,O
Increasing,O
interest,O
rates,O
slows,O
the,O
economy,O
by,O
raising,O
the,O
cost,O
of,O
borrowing,O
money,O
to,O
buy,O
equipment,O
to,O
expand,O
businesses,O
or,O
purchase,O
homes,O
.,O
Zimbabwe,B-org
is,O
preparing,O
to,O
nullify,O
thousands,O
of,O
legal,O
challenges,O
by,O
white,O
farmers,O
who,O
had,O
their,O
land,O
seized,O
under,O
the,O
country,O
's,O
controversial,O
land,O
reform,O
program,O
.,O
A,O
report,O
in,O
Zimbabwe,B-geo
's,O
Sunday,B-tim
Mail,I-tim
newspaper,O
says,O
authorities,O
will,O
file,O
court,O
papers,O
Monday,B-tim
to,O
officially,O
end,O
the,O
litigation,O
under,O
a,O
new,O
constitutional,O
amendment,O
that,O
nationalizes,O
all,O
seized,O
farms,O
and,O
bans,O
any,O
legal,O
challenges,O
.,O
An,O
official,O
in,O
the,O
attorney,O
general,O
's,O
office,O
says,O
"4,000",O
cases,O
pending,O
before,O
the,O
courts,O
will,O
be,O
nullified,O
.,O
President,B-per
Robert,I-per
Mugabe,I-per
began,O
the,O
land,O
seizures,O
in,O
2000,B-tim
and,O
transferred,O
ownership,O
to,O
landless,O
blacks,O
.,O
Mr.,B-per
Mugabe,I-per
says,O
the,O
land,O
seizures,O
were,O
necessary,O
to,O
correct,O
ownership,O
imbalances,O
created,O
under,O
British,B-gpe
colonial,O
rule,O
.,O
But,O
critics,O
say,O
the,O
program,O
has,O
been,O
a,O
failure,O
and,O
has,O
led,O
to,O
the,O
collapse,O
of,O
Zimbabwe,B-geo
's,O
economy,O
.,O
A,O
court,O
in,O
Venezuela,B-geo
has,O
ordered,O
four,O
people,O
detained,O
for,O
their,O
alleged,O
involvement,O
in,O
the,O
assassination,O
of,O
a,O
leading,O
government,O
prosecutor,O
.,O
Those,O
ordered,O
held,O
by,O
the,O
court,O
Friday,B-tim
include,O
newspaper,O
editor,O
Patricia,B-per
Poleo,I-per
and,O
businessman,O
Nelson,B-per
Mezerhane,I-per
.,O
They,O
are,O
accused,O
of,O
plotting,O
the,O
assassination,O
of,O
Danilo,B-geo
Anderson,I-geo
",",O
who,O
was,O
leading,O
the,O
prosecution,O
of,O
hundreds,O
of,O
people,O
accused,O
of,O
backing,O
a,O
2002,B-tim
coup,O
against,O
President,B-per
Hugo,I-per
Chavez,I-per
.,O
Mr.,B-per
Anderson,I-per
was,O
killed,O
by,O
a,O
car,O
bomb,O
last,O
November,B-tim
.,O
Ms.,B-per
Poleo,I-per
and,O
Mr.,B-per
Mezerhane,I-per
are,O
accused,O
of,O
plotting,O
the,O
assassination,O
with,O
two,O
others,O
who,O
have,O
been,O
detained,O
-,O
retired,O
general,O
Eugenio,B-org
Anez,I-org
Nunez,I-org
and,O
Salvador,B-per
Romani,I-per
",",O
a,O
Cuban,B-gpe
dissident,O
.,O
Since,O
Mr.,B-per
Anderson,I-per
's,O
killing,O
last,O
year,O
",",O
Venezuelan,B-gpe
police,O
have,O
arrested,O
at,O
least,O
two,O
other,O
suspects,O
",",O
while,O
two,O
others,O
were,O
killed,O
in,O
a,O
gunfight,O
with,O
police,O
.,O
Pakistani,B-gpe
Prime,B-per
Minister,O
Yousuf,B-per
Raza,I-per
Gilani,I-per
has,O
arrived,O
in,O
the,O
country,O
's,O
southern,O
port,O
city,O
of,O
Karachi,B-geo
to,O
try,O
to,O
quell,O
unrest,O
that,O
has,O
killed,O
at,O
least,O
85,O
people,O
.,O
Monday,B-tim
's,O
assassination,O
of,O
provincial,O
lawmaker,O
Raza,B-per
Haider,I-per
triggered,O
four,O
days,O
of,O
riots,O
",",O
with,O
protesters,O
opening,O
fire,O
and,O
burning,O
vehicles,O
and,O
shops,O
.,O
Haider,B-per
was,O
a,O
member,O
of,O
the,O
Muttahida,B-org
Quami,I-org
Movement,I-org
or,O
MQM,B-org
",",O
which,O
is,O
part,O
of,O
the,O
ruling,O
political,O
coalition,O
in,O
both,O
Sindh,B-geo
province,O
and,O
the,O
federal,O
government,O
.,O
The,O
party,O
",",O
which,O
largely,O
represents,O
the,O
Urdu-speaking,O
community,O
",",O
and,O
the,O
Awami,B-org
National,I-org
Party,I-org
or,O
ANP,B-org
",",O
which,O
represents,O
ethnic,O
Pashtuns,O
",",O
have,O
blamed,O
each,O
other,O
for,O
the,O
violence,O
.,O
Pakistan,B-geo
's,O
Interior,B-geo
Minister,O
Rehman,B-per
Malik,I-per
has,O
said,O
Taliban-linked,O
militants,O
looking,O
to,O
fuel,O
political,O
tensions,O
were,O
behind,O
Haider,B-per
's,O
assassination,O
.,O
Malik,B-per
met,O
with,O
representatives,O
from,O
both,O
the,O
MQM,B-org
and,O
ANP,B-org
on,O
Friday,B-tim
.,O
Political,O
leaders,O
were,O
due,O
to,O
meet,O
with,O
Prime,B-per
Minister,O
Gilani,B-per
later,O
in,O
the,O
day,B-tim
.,O
Pakistan,B-org
and,I-org
India,I-org
have,O
ushered,O
in,O
the,O
new,B-tim
year,O
by,O
exchanging,O
lists,O
of,O
their,O
civilian,O
nuclear,O
facilities,O
.,O
Pakistan,B-org
's,I-org
Foreign,I-org
Ministry,I-org
Tuesday,B-tim
said,O
the,O
two,O
countries,O
participated,O
in,O
the,O
annual,O
exchange,O
",",O
as,O
part,O
of,O
a,O
1998,B-tim
agreement,O
prohibiting,O
attacks,O
on,O
each,O
other,O
's,O
nuclear,O
installations,O
.,O
The,O
lists,O
of,O
nuclear,O
facilities,O
were,O
handed,O
over,O
at,O
India,B-org
and,I-org
Pakistan,I-org
's,I-org
respective,O
foreign,O
ministries,O
in,O
New,B-geo
Delhi,I-geo
and,O
Islamabad,B-geo
.,O
India,B-org
and,I-org
Pakistan,I-org
have,O
fought,O
three,O
wars,O
since,O
partition,O
in,O
1947,B-tim
.,O
But,O
relations,O
have,O
improved,O
since,O
the,O
two,O
countries,O
launched,O
a,O
slow,O
moving,O
peace,O
process,O
in,O
2004,B-tim
to,O
resolve,O
their,O
disputes,O
",",O
including,O
the,O
conflict,O
over,O
Kashmir,B-geo
.,O
India,B-org
and,I-org
Pakistan,I-org
both,O
conducted,O
nuclear,O
weapons,O
tests,O
in,O
1998,B-tim
.,O
The,O
White,B-org
House,I-org
says,O
President,B-per
Bush,I-per
will,O
make,O
an,O
evening,O
address,O
to,O
the,O
nation,O
on,O
Monday,B-tim
",",O
the,O
fifth,B-tim
anniversary,I-tim
of,I-tim
the,O
September,B-tim
11,I-tim
attacks,O
on,O
the,O
United,B-geo
States,I-geo
.,O
It,O
will,O
be,O
the,O
latest,O
in,O
a,O
series,O
of,O
speeches,O
about,O
terrorism,O
that,O
the,O
President,B-per
has,O
made,O
in,O
the,O
past,B-tim
two,I-tim
weeks,O
.,O
He,O
has,O
been,O
highlighting,O
what,O
he,O
calls,O
the,O
nation,O
's,O
progress,O
in,O
the,O
war,O
on,O
terrorism,O
",",O
ahead,O
of,O
key,O
midterm,O
elections,O
in,O
November,B-tim
.,O
A,O
presidential,O
spokesman,O
said,O
Friday,B-tim
that,O
Mr.,B-per
Bush,I-per
's,O
speech,O
will,O
be,O
non-political,O
and,O
will,O
focus,O
on,O
what,O
the,O
September,B-tim
11,I-tim
attacks,O
have,O
meant,O
to,O
the,O
nation,O
.,O
On,O
Sunday,B-tim
and,O
Monday,B-tim
the,O
president,O
is,O
scheduled,O
to,O
visit,O
the,O
sites,O
of,O
the,O
attacks,O
in,O
New,B-geo
York,I-geo
City,I-geo
",",O
Shanksville,B-geo
",",O
Pennsylvania,B-geo
and,O
the,O
Pentagon,B-org
in,O
Washington,B-geo
.,O
Democrats,O
accuse,O
Mr.,B-per
Bush,I-per
of,O
emphasizing,O
anti-terror,O
efforts,O
lately,O
to,O
distract,O
from,O
the,O
increasingly,O
unpopular,O
war,O
in,O
Iraq,B-geo
.,O
The,O
foreign,O
relations,O
committee,O
of,O
Pakistan,B-geo
's,O
upper,O
house,O
of,O
parliament,O
has,O
condemned,O
what,O
it,O
called,O
the,O
Israeli,B-gpe
"""",O
aggression,O
"""",O
on,O
Lebanon,B-geo
and,O
urged,O
the,O
international,O
community,O
to,O
pressure,O
the,O
Jewish,O
state,O
to,O
halt,O
the,O
strikes,O
.,O
The,O
demand,O
came,O
through,O
a,O
unanimously,O
adopted,O
resolution,O
at,O
a,O
special,O
session,O
of,O
the,O
Senate,B-org
committee,O
held,O
in,O
Islamabad,B-geo
.,O
Pakistan,B-gpe
has,O
no,O
diplomatic,O
relations,O
with,O
Israel,B-geo
.,O
Some,O
800,O
Pakistani,B-gpe
students,O
staged,O
demonstrations,O
in,O
the,O
southern,O
port,O
city,O
of,O
Karachi,B-geo
to,O
protest,O
against,O
the,O
Israeli,B-gpe
action,O
.,O
In,O
neighboring,O
Bangladesh,B-geo
",",O
Foreign,O
Minister,B-per
M.,I-per
Morshed,I-per
Khan,I-per
urged,O
Western,O
countries,O
"""",O
to,O
restrain,O
Israel,B-geo
"""",O
from,O
such,O
attacks,O
and,O
said,O
many,O
Western,O
countries,O
use,O
a,O
double,O
standard,O
in,O
dealing,O
with,O
the,O
Middle,B-geo
East,I-geo
.,O
Japanese,B-gpe
Prime,B-per
Minister,O
Junichiro,B-per
Koizumi,I-per
launched,O
his,O
political,O
campaign,O
Saturday,B-tim
for,O
the,O
snap,O
general,O
election,O
he,O
has,O
called,O
on,O
September,B-tim
11,I-tim
.,O
The,O
prime,O
minister,O
says,O
the,O
focal,O
point,O
of,O
the,O
election,O
will,O
be,O
his,O
proposal,O
for,O
privatization,O
of,O
Japan,B-geo
's,O
national,O
postal,O
system,O
",",O
a,O
sprawling,O
business,O
empire,O
that,O
includes,O
savings,O
institutions,O
with,O
three,O
trillion,O
dollars,O
in,O
assets,O
.,O
Mr.,B-per
Koizumi,I-per
dissolved,O
Parliament,B-org
and,O
called,O
a,O
general,O
election,O
about,O
two,B-tim
weeks,O
ago,O
after,O
Japan,B-geo
's,O
upper,O
house,O
voted,O
down,O
postal,O
reforms,O
-,O
with,O
members,O
of,O
the,O
ruling,O
Liberal,B-org
Democratic,I-org
Party,I-org
joining,O
the,O
majority,O
.,O
LDP,B-org
leaders,O
have,O
withdrawn,O
support,O
for,O
lawmakers,O
who,O
voted,O
"""",O
no,O
"""",O
on,O
August,B-tim
8,I-tim
",",O
and,O
say,O
they,O
will,O
not,O
be,O
allowed,O
to,O
run,O
for,O
re-election,O
.,O
A,O
Yomiuri,B-org
newspaper,O
poll,O
this,O
week,O
shows,O
support,O
for,O
Mr.,B-per
Koizumi,I-per
has,O
risen,O
to,O
53.2,O
percent,O
",",O
up,O
5.5,O
percentage,O
points,O
since,O
he,O
dissolved,O
Parliament,B-org
.,O
Presidents,O
from,O
most,O
South,O
American,B-gpe
countries,O
have,O
gathered,O
in,O
Brazil,B-geo
for,O
a,O
meeting,O
of,O
the,O
Mercosur,B-geo
trading,O
group,O
.,O
The,O
two-day,B-tim
meeting,O
in,O
Rio,B-geo
de,I-geo
Janeiro,I-geo
began,O
Thursday,B-tim
.,O
One,O
of,O
the,O
main,O
issues,O
under,O
discussion,O
is,O
how,O
to,O
make,O
Mercosur,B-geo
more,O
responsive,O
to,O
the,O
social,O
concerns,O
of,O
the,O
member,O
countries,O
.,O
The,O
push,O
for,O
a,O
change,O
of,O
direction,O
for,O
the,O
five-member,O
alliance,O
is,O
coming,O
from,O
Venezuela,B-geo
's,O
leftist,O
President,B-per
Hugo,I-per
Chavez,I-per
.,O
Ecuador,B-gpe
and,O
Bolivia,B-gpe
",",O
both,O
also,O
led,O
by,O
leftist,O
governments,O
",",O
are,O
seeking,O
to,O
join,O
the,O
group,O
.,O
Officials,O
say,O
the,O
trade,O
bloc,O
now,O
accounts,O
for,O
one,O
trillion,O
dollars,O
in,O
annual,O
economic,O
activity,O
and,O
includes,O
250,O
million,O
people,O
.,O
Argentina,B-gpe
",",O
Brazil,B-gpe
",",O
Paraguay,B-gpe
and,O
Uruguay,B-gpe
formed,O
Mercosur,B-org
in,O
1991,B-tim
.,O
Venezuela,B-geo
joined,O
in,O
July,B-tim
of,I-tim
last,O
year,O
.,O
Chile,B-gpe
and,O
Bolivia,B-gpe
are,O
associate,O
members,O
.,O
Afghan,B-gpe
officials,O
say,O
President,B-per
Hamid,I-per
Karzai,I-per
is,O
considering,O
offering,O
a,O
government,O
post,O
to,O
a,O
powerful,O
regional,O
warlord,O
",",O
despite,O
concerns,O
over,O
his,O
role,O
in,O
alleged,O
human,O
rights,O
abuses,O
.,O
A,O
presidential,O
spokesman,O
Jawed,B-per
Ludin,I-per
told,O
a,O
news,O
briefing,O
in,O
Kabul,B-geo
Tuesday,B-tim
that,O
General,B-per
Abdul,I-per
Rashid,I-per
Dostum,I-per
held,O
several,O
meetings,O
with,O
the,O
president,O
to,O
discuss,O
a,O
possible,O
government,O
position,O
.,O
Asked,O
about,O
charges,O
that,O
General,B-per
Dostum,I-per
was,O
guilty,O
of,O
human,O
rights,O
abuses,O
and,O
war,O
crimes,O
",",O
the,O
spokesman,O
said,O
it,O
was,O
a,O
completely,O
different,O
issue,O
.,O
He,O
stressed,O
that,O
everyone,O
in,O
Afghanistan,B-geo
has,O
the,O
right,O
to,O
fulfill,O
their,O
responsibilities,O
and,O
be,O
given,O
opportunity,O
to,O
do,O
so,O
.,O
General,B-per
Dostum,I-per
's,O
faction,O
helped,O
U.S.-led,O
coalition,O
forces,O
oust,O
the,O
former,O
Taleban,B-org
regime,O
in,O
2001,B-tim
.,O
He,O
finished,O
fourth,O
in,O
last,O
year,O
's,O
presidential,O
elections,O
and,O
narrowly,O
escaped,O
an,O
assassination,O
attempt,O
in,O
January,B-tim
.,O
Economic,O
activity,O
is,O
limited,O
to,O
providing,O
services,O
to,O
military,O
personnel,O
and,O
contractors,O
located,O
on,O
the,O
island,O
.,O
All,O
food,O
and,O
manufactured,O
goods,O
must,O
be,O
imported,O
.,O
Financial,O
services,O
-,O
banking,O
",",O
fund,O
management,O
",",O
insurance,O
-,O
account,O
for,O
about,O
23,O
%,O
of,O
employment,O
and,O
about,O
55,O
%,O
of,O
total,O
income,O
in,O
this,O
tiny,O
",",O
prosperous,O
Channel,B-geo
Island,I-geo
economy,O
.,O
Tourism,O
",",O
manufacturing,O
",",O
and,O
horticulture,O
",",O
mainly,O
tomatoes,O
and,O
cut,O
flowers,O
",",O
have,O
been,O
declining,O
.,O
Financial,O
services,O
",",O
construction,O
",",O
retail,O
",",O
and,O
the,O
public,O
sector,O
have,O
been,O
growing,O
.,O
Light,O
tax,O
and,O
death,O
duties,O
make,O
Guernsey,B-geo
a,O
popular,O
tax,O
haven,O
.,O
The,O
evolving,O
economic,O
integration,O
of,O
the,O
EU,B-org
nations,O
is,O
changing,O
the,O
environment,O
under,O
which,O
Guernsey,B-geo
operates,O
.,O
The,O
Jamaican,B-gpe
economy,O
is,O
heavily,O
dependent,O
on,O
services,O
",",O
which,O
now,O
account,O
for,O
more,O
than,O
60,O
%,O
of,O
GDP,O
.,O
The,O
country,O
continues,O
to,O
derive,O
most,O
of,O
its,O
foreign,O
exchange,O
from,O
tourism,O
",",O
remittances,O
",",O
and,O
bauxite,O
/,O
alumina,O
.,O
Remittances,O
account,O
for,O
nearly,O
15,O
%,O
of,O
GDP,O
and,O
exports,O
of,O
bauxite,O
and,O
alumina,O
make,O
up,O
about,O
10,O
%,O
.,O
The,O
bauxite,O
/,O
alumina,O
sector,O
was,O
most,O
affected,O
by,O
the,O
global,O
downturn,O
while,O
the,O
tourism,O
industry,O
was,O
resilient,O
",",O
experiencing,O
an,O
increase,O
of,O
4,O
%,O
in,O
tourist,O
arrivals,O
.,O
Tourism,O
revenues,O
account,O
for,O
roughly,O
10,O
%,O
of,O
GDP,O
",",O
and,O
both,O
arrivals,O
and,O
revenues,O
grew,O
in,O
2010,B-tim
",",O
up,O
4,O
%,O
and,O
6,O
%,O
respectively,O
.,O
The,O
Economic,O
growth,O
faces,O
many,O
challenges,O
:,O
high,O
crime,O
and,O
corruption,O
",",O
large-scale,O
unemployment,O
and,O
underemployment,O
",",O
and,O
a,O
debt-to-GDP,O
ratio,O
of,O
more,O
than,O
120,O
%,O
.,O
Jamaica,B-geo
's,O
onerous,O
public,O
debt,O
burden,O
-,O
the,O
fourth,O
highest,O
in,O
the,O
world,O
on,O
a,O
per,O
capita,O
basis,O
-,O
is,O
the,O
result,O
of,O
government,O
bailouts,O
to,O
ailing,O
sectors,O
of,O
the,O
economy,O
",",O
most,O
notably,O
to,O
the,O
financial,O
sector,O
in,O
the,O
mid-to-late,O
1990s,B-tim
.,O
In,O
early,O
2010,B-tim
",",O
the,O
Jamaican,B-gpe
government,O
created,O
the,O
Jamaica,B-org
Debt,I-org
Exchange,I-org
(,O
JDX,B-org
),O
in,O
order,O
to,O
retire,O
high-priced,O
domestic,O
bonds,O
and,O
significantly,O
reduce,O
annual,O
debt,O
servicing,O
.,O
The,O
Government,O
of,O
Jamaica,B-org
signed,O
a,O
$,O
1.27,O
billion,O
",",O
27-month,B-org
Standby,I-org
Agreement,I-org
with,O
the,O
International,B-org
Monetary,I-org
Fund,I-org
for,O
balance,O
of,O
payment,O
support,O
in,O
February,B-tim
2010,I-tim
.,O
Other,O
multilaterals,O
have,O
also,O
provided,O
millions,O
of,O
dollars,O
in,O
loans,O
and,O
grants,O
.,O
Despite,O
the,O
improvement,O
",",O
debt,O
servicing,O
costs,O
still,O
hinder,O
the,O
government,O
's,O
ability,O
to,O
spend,O
on,O
infrastructure,O
and,O
social,O
programs,O
",",O
particularly,O
as,O
job,O
losses,O
rise,O
in,O
a,O
shrinking,O
economy,O
.,O
The,O
GOLDING,B-org
administration,O
faces,O
the,O
difficult,O
prospect,O
of,O
having,O
to,O
achieve,O
fiscal,O
discipline,O
in,O
order,O
to,O
maintain,O
debt,O
payments,O
",",O
while,O
simultaneously,O
attacking,O
a,O
serious,O
crime,O
problem,O
that,O
is,O
hampering,O
economic,O
growth,O
.,O
High,O
unemployment,O
exacerbates,O
the,O
crime,O
problem,O
",",O
including,O
gang,O
violence,O
that,O
is,O
fueled,O
by,O
the,O
drug,O
trade,O
.,O
Since,O
the,O
1960s,B-tim
",",O
South,B-geo
Korea,I-geo
has,O
achieved,O
an,O
incredible,O
record,O
of,O
growth,O
and,O
global,O
integration,O
to,O
become,O
a,O
high-tech,O
industrialized,O
economy,O
.,O
Four,O
decades,O
ago,O
",",O
GDP,O
per,O
capita,O
was,O
comparable,O
with,O
levels,O
in,O
the,O
poorer,O
countries,O
of,O
Africa,B-geo
and,O
Asia,B-geo
.,O
In,O
2004,B-tim
",",O
South,B-geo
Korea,I-geo
joined,O
the,O
trillion,O
dollar,O
club,O
of,O
world,O
economies,O
",",O
and,O
currently,O
is,O
among,O
the,O
world,O
's,O
20,O
largest,O
economies,O
.,O
Initially,O
",",O
a,O
system,O
of,O
close,O
government,O
and,O
business,O
ties,O
",",O
including,O
directed,O
credit,O
and,O
import,O
restrictions,O
",",O
made,O
this,O
success,O
possible,O
.,O
The,O
government,O
promoted,O
the,O
import,O
of,O
raw,O
materials,O
and,O
technology,O
at,O
the,O
expense,O
of,O
consumer,O
goods,O
",",O
and,O
encouraged,O
savings,O
and,O
investment,O
over,O
consumption,O
.,O
The,O
Asian,O
financial,O
crisis,O
of,O
1997,B-tim
-,I-tim
98,I-tim
exposed,O
longstanding,O
weaknesses,O
in,O
South,B-geo
Korea,I-geo
's,O
development,O
model,O
including,O
high,O
debt,O
/,O
equity,O
ratios,O
and,O
massive,O
short-term,O
foreign,O
borrowing,O
.,O
GDP,O
plunged,O
by,O
6.9,O
%,O
in,O
1998,B-tim
",",O
and,O
then,O
recovered,O
by,O
9,O
%,O
in,O
1999,B-tim
-,I-tim
2000,I-tim
.,O
Korea,B-geo
adopted,O
numerous,O
economic,O
reforms,O
following,O
the,O
crisis,O
",",O
including,O
greater,O
openness,O
to,O
foreign,O
investment,O
and,O
imports,O
.,O
Growth,O
moderated,O
to,O
about,O
4,B-tim
-,I-tim
5,I-tim
%,O
annually,O
between,B-tim
2003,I-tim
and,I-tim
2007,I-tim
.,O
With,O
the,O
global,O
economic,O
downturn,O
in,O
late,O
2008,B-tim
",",O
South,O
Korean,B-gpe
GDP,O
growth,O
slowed,O
to,O
0.2,O
%,O
in,O
2009,B-tim
.,O
In,O
the,O
third,B-tim
quarter,I-tim
of,I-tim
2009,I-tim
",",O
the,O
economy,O
began,O
to,O
recover,O
",",O
in,O
large,O
part,O
due,O
to,O
export,O
growth,O
",",O
low,O
interest,O
rates,O
",",O
and,O
an,O
expansionary,O
fiscal,O
policy,O
",",O
and,O
growth,O
exceeded,O
6,O
%,O
in,O
2010,B-tim
.,O
The,O
South,O
Korean,B-gpe
economy,O
's,O
long,O
term,O
challenges,O
include,O
a,O
rapidly,O
aging,O
population,O
",",O
inflexible,O
labor,O
market,O
",",O
and,O
overdependence,O
on,O
manufacturing,O
exports,O
to,O
drive,O
economic,O
growth,O
.,O
Officials,O
in,O
Afghanistan,B-geo
say,O
Taleban,B-org
",",O
al-Qaida,B-org
and,O
hundreds,O
of,O
other,O
inmates,O
at,O
a,O
high-security,O
prison,O
in,O
Kabul,B-geo
have,O
taken,O
control,O
of,O
a,O
prison,O
block,O
after,O
